session,symbol,name,sector,sector_etf,data_status,data_issues,close,return_1d,price_z,sector_return_1d,excess_return_1d,stock_rel_volume_30d,option_volume,call_volume,put_volume,baseline_n,baseline_ok,baseline_median,option_volume_ratio,option_volume_z,option_volume_pctile,cp_ratio,cp_ratio_30d,cp_ratio_vs_30d,delta_oi_calls,delta_oi_puts,delta_oi_total,net_open_share_all,oi_volume_coverage,top_volume,top_delta_oi,top_open_share,oi_classification,oi_base_check,oi_consistency,short_dated_share,itm_call_share,expiring_today_share,days_to_earnings,next_earnings,days_to_ex_dividend,ex_dividend_date,structural_event,sector_elevated_share,market_elevated_share,is_elevated,is_candidate,exclusion_reason,boring_hints
2026-09-22,AAPL,Apple Inc.,Information Technology,XLK,UNVOLLSTÄNDIG,Baseline erst 0 von 15 Handelstagen,339.75,0.002271487960105567,0.1671497469646096,0.007287625619729399,-0.005016137659623832,0.9513631258803954,1221078.0,904682.0,316396.0,0,False,UNAVAILABLE,UNAVAILABLE,UNAVAILABLE,UNAVAILABLE,2.859334504860997,UNAVAILABLE,UNAVAILABLE,101309.0,48065.0,149374.0,0.12232961366923326,1.0,685223.0,43356.0,0.06327283234800933,"gemischt, nicht eindeutig",nicht prüfbar,,1.0,0.0,0.0,UNAVAILABLE,UNAVAILABLE,UNAVAILABLE,UNAVAILABLE,UNAVAILABLE,UNAVAILABLE,UNAVAILABLE,False,False,,100 % des Top-Volumens verfällt innerhalb von 7 Tagen
2026-09-22,ABBV,AbbVie,Health Care,XLV,UNVOLLSTÄNDIG,Baseline erst 0 von 15 Handelstagen,265.21,0.0027600914373433483,0.22872964758836334,0.005206825168723617,-0.0024467337313802684,0.6291962631606165,6318.0,4278.0,2040.0,0,False,UNAVAILABLE,UNAVAILABLE,UNAVAILABLE,UNAVAILABLE,2.097058823529412,UNAVAILABLE,UNAVAILABLE,1909.0,588.0,2497.0,0.3952200063311174,1.0,2642.0,920.0,0.34822104466313397,überwiegend neu eröffnet,nicht prüfbar,,0.26078728236184706,0.3213474640423921,0.0,UNAVAILABLE,UNAVAILABLE,23.0,2026-10-15,UNAVAILABLE,UNAVAILABLE,UNAVAILABLE,False,False,,
2026-09-22,ABT,Abbott Laboratories,Health Care,XLV,UNVOLLSTÄNDIG,Baseline erst 0 von 15 Handelstagen,103.69,0.006894509806972149,0.5964324673458565,0.005206825168723617,0.0016876846382485322,1.0177374082297483,6044.0,4780.0,1264.0,0,False,UNAVAILABLE,UNAVAILABLE,UNAVAILABLE,UNAVAILABLE,3.7816455696202533,UNAVAILABLE,UNAVAILABLE,3014.0,575.0,3589.0,0.5938120450033091,1.0,3806.0,1826.0,0.4797687861271676,überwiegend neu eröffnet,nicht prüfbar,,0.10509721492380451,0.03152916447714135,0.0,22.0,2026-10-14,23.0,2026-10-15,UNAVAILABLE,UNAVAILABLE,UNAVAILABLE,False,False,,
2026-09-22,ACN,Accenture,Information Technology,XLK,UNVOLLSTÄNDIG,Baseline erst 0 von 15 Handelstagen,183.72,-0.012841870950048517,-0.4644540929242365,0.007287625619729399,-0.020129496569777916,0.7442714941588137,7672.0,3593.0,4079.0,0,False,UNAVAILABLE,UNAVAILABLE,UNAVAILABLE,UNAVAILABLE,0.8808531502819319,UNAVAILABLE,UNAVAILABLE,419.0,2231.0,2650.0,0.3454118873826903,1.0,3632.0,2147.0,0.5911343612334802,überwiegend neu eröffnet,nicht prüfbar,,0.20401982378854625,0.0,0.0,9.0,2026-10-01,UNAVAILABLE,UNAVAILABLE,UNAVAILABLE,UNAVAILABLE,UNAVAILABLE,False,False,,Quartalszahlen am 2026-10-01 (in 9 Tagen)
2026-09-22,ADBE,Adobe Inc.,Information Technology,XLK,UNVOLLSTÄNDIG,Baseline erst 0 von 15 Handelstagen,238.25,-0.045166736451938916,-1.5630859327623683,0.007287625619729399,-0.052454362071668315,1.4388407988531704,51453.0,26066.0,25387.0,0,False,UNAVAILABLE,UNAVAILABLE,UNAVAILABLE,UNAVAILABLE,1.026745972348052,UNAVAILABLE,UNAVAILABLE,7767.0,6896.0,14663.0,0.2849785240899462,1.0,15965.0,5444.0,0.34099592859379896,überwiegend neu eröffnet,nicht prüfbar,,0.5647353585969308,0.0,0.0,UNAVAILABLE,UNAVAILABLE,UNAVAILABLE,UNAVAILABLE,UNAVAILABLE,UNAVAILABLE,UNAVAILABLE,False,False,,
2026-09-22,AMAT,Applied Materials,Information Technology,XLK,UNVOLLSTÄNDIG,Baseline erst 0 von 15 Handelstagen,472.46,0.017706380188132975,0.5520954553904764,0.007287625619729399,0.010418754568403576,0.7956755601990168,29839.0,17182.0,12657.0,0,False,UNAVAILABLE,UNAVAILABLE,UNAVAILABLE,UNAVAILABLE,1.3575096784388085,UNAVAILABLE,UNAVAILABLE,4175.0,4153.0,8328.0,0.2790978249941352,1.0,5757.0,1588.0,0.27583811012680215,"gemischt, nicht eindeutig",nicht prüfbar,,0.7913844015980546,0.09970470731283655,0.0,UNAVAILABLE,UNAVAILABLE,UNAVAILABLE,UNAVAILABLE,UNAVAILABLE,UNAVAILABLE,UNAVAILABLE,False,False,,79 % des Top-Volumens verfällt innerhalb von 7 Tagen
2026-09-22,AMD,Advanced Micro Devices,Information Technology,XLK,UNVOLLSTÄNDIG,Baseline erst 0 von 15 Handelstagen,623.77,0.013403269117116201,0.35667920267380865,0.007287625619729399,0.006115643497386802,1.3917002949630006,456504.0,255116.0,201388.0,0,False,UNAVAILABLE,UNAVAILABLE,UNAVAILABLE,UNAVAILABLE,1.2667884878940154,UNAVAILABLE,UNAVAILABLE,45948.0,94507.0,140455.0,0.3076752887159806,1.0,127131.0,22401.0,0.1762040729641079,"gemischt, nicht eindeutig",nicht prüfbar,,0.950688659728941,0.24322155886447838,0.0,UNAVAILABLE,UNAVAILABLE,UNAVAILABLE,UNAVAILABLE,UNAVAILABLE,UNAVAILABLE,UNAVAILABLE,False,False,,95 % des Top-Volumens verfällt innerhalb von 7 Tagen
2026-09-22,AMGN,Amgen,Health Care,XLV,UNVOLLSTÄNDIG,Baseline erst 0 von 15 Handelstagen,410.24,0.04344286341132908,1.6969459179790851,0.005206825168723617,0.03823603824260546,1.289184131736527,12249.0,9790.0,2459.0,0,False,UNAVAILABLE,UNAVAILABLE,UNAVAILABLE,UNAVAILABLE,3.981293208621391,UNAVAILABLE,UNAVAILABLE,-29.0,208.0,179.0,0.014613437831659727,1.0,5141.0,1643.0,0.31958762886597936,überwiegend neu eröffnet,nicht prüfbar,,0.4337677494650846,0.260066134993192,0.0,UNAVAILABLE,UNAVAILABLE,UNAVAILABLE,UNAVAILABLE,UNAVAILABLE,UNAVAILABLE,UNAVAILABLE,False,False,,
2026-09-22,AMT,American Tower,Real Estate,XLRE,UNVOLLSTÄNDIG,Baseline erst 0 von 15 Handelstagen,175.25,0.00372275987263726,0.29070595248270953,-0.0021131756812736713,0.0058359355539109314,1.800496148117754,970.0,830.0,140.0,0,False,UNAVAILABLE,UNAVAILABLE,UNAVAILABLE,UNAVAILABLE,5.928571428571429,UNAVAILABLE,UNAVAILABLE,471.0,-104.0,367.0,0.3783505154639175,1.0,817.0,556.0,0.6805385556915544,überwiegend neu eröffnet,nicht prüfbar,,0.0,0.07711138310893513,0.0,UNAVAILABLE,UNAVAILABLE,8.0,2026-09-30,UNAVAILABLE,UNAVAILABLE,UNAVAILABLE,False,False,,
2026-09-22,AMZN,Amazon,Consumer Discretionary,XLY,UNVOLLSTÄNDIG,Baseline erst 0 von 15 Handelstagen,254.98,-0.013426241219333335,-0.7872907087016306,0.0008909974166924073,-0.014317238636025742,1.2396752333397163,635753.0,477479.0,158274.0,0,False,UNAVAILABLE,UNAVAILABLE,UNAVAILABLE,UNAVAILABLE,3.0167873434676573,UNAVAILABLE,UNAVAILABLE,66262.0,42816.0,109078.0,0.17157292218833414,1.0,255775.0,29588.0,0.11567979669631512,"gemischt, nicht eindeutig",nicht prüfbar,,1.0,0.0,0.0,UNAVAILABLE,UNAVAILABLE,UNAVAILABLE,UNAVAILABLE,UNAVAILABLE,UNAVAILABLE,UNAVAILABLE,False,False,,100 % des Top-Volumens verfällt innerhalb von 7 Tagen
2026-09-22,ANET,Arista Networks,Information Technology,XLK,UNVOLLSTÄNDIG,Baseline erst 0 von 15 Handelstagen,205.19,-0.0011196483837768723,-0.03859205428109096,0.007287625619729399,-0.008407274003506271,0.7947424982778444,14551.0,9595.0,4956.0,0,False,UNAVAILABLE,UNAVAILABLE,UNAVAILABLE,UNAVAILABLE,1.9360371267150929,UNAVAILABLE,UNAVAILABLE,1031.0,783.0,1814.0,0.1246649714796234,1.0,5768.0,-318.0,-0.05513176144244106,"gemischt, nicht eindeutig",nicht prüfbar,,0.4103675450762829,0.21619278779472953,0.0,UNAVAILABLE,UNAVAILABLE,UNAVAILABLE,UNAVAILABLE,UNAVAILABLE,UNAVAILABLE,UNAVAILABLE,False,False,,
2026-09-22,AVGO,Broadcom,Information Technology,XLK,UNVOLLSTÄNDIG,Baseline erst 0 von 15 Handelstagen,364.54,0.005183908671776871,0.23913824948383297,0.007287625619729399,-0.0021037169479525275,0.8217758885754811,314729.0,246716.0,68013.0,0,False,UNAVAILABLE,UNAVAILABLE,UNAVAILABLE,UNAVAILABLE,3.6274829811947717,UNAVAILABLE,UNAVAILABLE,59168.0,16782.0,75950.0,0.2413187218209952,1.0,107244.0,20830.0,0.19422998023199434,"gemischt, nicht eindeutig",nicht prüfbar,,0.7861325575323561,0.0726660698966842,0.0,UNAVAILABLE,UNAVAILABLE,UNAVAILABLE,UNAVAILABLE,UNAVAILABLE,UNAVAILABLE,UNAVAILABLE,False,False,,79 % des Top-Volumens verfällt innerhalb von 7 Tagen
2026-09-22,AXP,American Express,Financials,XLF,UNVOLLSTÄNDIG,Baseline erst 0 von 15 Handelstagen,305.07,-0.027169222352075306,-2.2946073260078603,-0.019678023181621263,-0.007491199170454044,1.9805056092442417,14459.0,4825.0,9634.0,0,False,UNAVAILABLE,UNAVAILABLE,UNAVAILABLE,UNAVAILABLE,0.5008303923603903,UNAVAILABLE,UNAVAILABLE,899.0,4828.0,5727.0,0.3960854830901169,1.0,5715.0,2351.0,0.41137357830271215,überwiegend neu eröffnet,nicht prüfbar,,0.5837270341207349,0.0,0.0,UNAVAILABLE,UNAVAILABLE,UNAVAILABLE,UNAVAILABLE,UNAVAILABLE,UNAVAILABLE,UNAVAILABLE,False,False,,
2026-09-22,BA,Boeing,Industrials,XLI,UNVOLLSTÄNDIG,Baseline erst 0 von 15 Handelstagen,197.72,-0.017051921454442343,-1.1263975242638629,0.001706108246559701,-0.018758029701002044,1.428374424409624,78821.0,59295.0,19526.0,0,False,UNAVAILABLE,UNAVAILABLE,UNAVAILABLE,UNAVAILABLE,3.036720270408686,UNAVAILABLE,UNAVAILABLE,16716.0,6917.0,23633.0,0.2998312632420294,1.0,32823.0,8544.0,0.26030527374097434,"gemischt, nicht eindeutig",nicht prüfbar,,0.8513846997532218,0.05526612436401304,0.0,UNAVAILABLE,UNAVAILABLE,UNAVAILABLE,UNAVAILABLE,UNAVAILABLE,UNAVAILABLE,UNAVAILABLE,False,False,,85 % des Top-Volumens verfällt innerhalb von 7 Tagen
2026-09-22,BAC,Bank of America,Financials,XLF,UNVOLLSTÄNDIG,Baseline erst 0 von 15 Handelstagen,56.2,-0.030365754180009197,-2.012619958579457,-0.019678023181621263,-0.010687730998387934,1.3211038365672263,289807.0,159066.0,130741.0,0,False,UNAVAILABLE,UNAVAILABLE,UNAVAILABLE,UNAVAILABLE,1.2166497120260669,UNAVAILABLE,UNAVAILABLE,12474.0,56803.0,69277.0,0.23904529566228558,1.0,194339.0,37962.0,0.19533907244557192,"gemischt, nicht eindeutig",nicht prüfbar,,0.5048857923525386,0.0,0.0,22.0,2026-10-14,UNAVAILABLE,UNAVAILABLE,UNAVAILABLE,UNAVAILABLE,UNAVAILABLE,False,False,,
2026-09-22,BKNG,Booking Holdings,Consumer Discretionary,XLY,UNVOLLSTÄNDIG,Baseline erst 0 von 15 Handelstagen,164.22,-0.025516283903653014,-1.1758884923750819,0.0008909974166924073,-0.02640728132034542,2.2777389975852937,32290.0,21101.0,11189.0,0,False,UNAVAILABLE,UNAVAILABLE,UNAVAILABLE,UNAVAILABLE,1.8858700509428903,UNAVAILABLE,UNAVAILABLE,-2378.0,2177.0,-201.0,-0.006224837410963147,1.0,16185.0,3520.0,0.21748532591906086,"gemischt, nicht eindeutig",nicht prüfbar,,0.3430954587581094,0.2190917516218721,0.0,UNAVAILABLE,UNAVAILABLE,UNAVAILABLE,UNAVAILABLE,UNAVAILABLE,UNAVAILABLE,UNAVAILABLE,False,False,,
2026-09-22,BLK,BlackRock,Financials,XLF,UNVOLLSTÄNDIG,Baseline erst 0 von 15 Handelstagen,1066.66,-0.02165520385619779,-1.4885647418592192,-0.019678023181621263,-0.0019771806745765286,0.8963407627301239,750.0,408.0,342.0,0,False,UNAVAILABLE,UNAVAILABLE,UNAVAILABLE,UNAVAILABLE,1.1929824561403508,UNAVAILABLE,UNAVAILABLE,-164.0,-236.0,-400.0,-0.5333333333333333,1.0,492.0,318.0,0.6463414634146342,überwiegend neu eröffnet,nicht prüfbar,,0.022357723577235773,0.0,0.0,22.0,2026-10-14,UNAVAILABLE,UNAVAILABLE,UNAVAILABLE,UNAVAILABLE,UNAVAILABLE,False,False,,
2026-09-22,BMY,Bristol Myers Squibb,Health Care,XLV,UNVOLLSTÄNDIG,Baseline erst 0 von 15 Handelstagen,62.25,-0.005908638425357271,-0.5777153880314154,0.005206825168723617,-0.011115463594080888,1.4780379261831025,9193.0,7127.0,2066.0,0,False,UNAVAILABLE,UNAVAILABLE,UNAVAILABLE,UNAVAILABLE,3.4496611810261375,UNAVAILABLE,UNAVAILABLE,8185.0,1460.0,9645.0,1.0491678450995323,1.0,5514.0,3654.0,0.6626768226332971,überwiegend neu eröffnet,nicht prüfbar,,0.06673920928545521,0.0,0.0,UNAVAILABLE,UNAVAILABLE,10.0,2026-10-02,UNAVAILABLE,UNAVAILABLE,UNAVAILABLE,False,False,,
2026-09-22,BNY,BNY Mellon,Financials,XLF,UNVOLLSTÄNDIG,Baseline erst 0 von 15 Handelstagen,150.17,-0.02417310679318052,-2.0875443280178656,-0.019678023181621263,-0.0044950836115592585,2.052178321420347,11523.0,2691.0,8832.0,0,False,UNAVAILABLE,UNAVAILABLE,UNAVAILABLE,UNAVAILABLE,0.3046875,UNAVAILABLE,UNAVAILABLE,-760.0,-4136.0,-4896.0,-0.42488935173132,1.0,10842.0,-1394.0,-0.1285740638258624,"gemischt, nicht eindeutig",nicht prüfbar,,0.0,0.01365061796716473,0.0,23.0,2026-10-15,UNAVAILABLE,UNAVAILABLE,UNAVAILABLE,UNAVAILABLE,UNAVAILABLE,False,False,,
2026-09-22,BRK.B,Berkshire Hathaway (Class B),Financials,XLF,UNVOLLSTÄNDIG,Baseline erst 0 von 15 Handelstagen,503.49,0.0029481289328592286,0.3676601558745573,-0.019678023181621263,0.02262615211448049,1.037020581168117,14747.0,8527.0,6220.0,0,False,UNAVAILABLE,UNAVAILABLE,UNAVAILABLE,UNAVAILABLE,1.3709003215434084,UNAVAILABLE,UNAVAILABLE,-253.0,-50.0,-303.0,-0.02054655184105242,1.0,4444.0,888.0,0.1998199819981998,"gemischt, nicht eindeutig",nicht prüfbar,,0.5337533753375338,0.0,0.0,UNAVAILABLE,UNAVAILABLE,UNAVAILABLE,UNAVAILABLE,UNAVAILABLE,UNAVAILABLE,UNAVAILABLE,False,False,,
2026-09-22,C,Citigroup,Financials,XLF,UNVOLLSTÄNDIG,Baseline erst 0 von 15 Handelstagen,132.47,-0.019104057707936772,-1.5151320281394887,-0.019678023181621263,0.0005739654736844901,1.2736272441723946,44531.0,22299.0,22232.0,0,False,UNAVAILABLE,UNAVAILABLE,UNAVAILABLE,UNAVAILABLE,1.0030136739834472,UNAVAILABLE,UNAVAILABLE,11611.0,-8772.0,2839.0,0.06375334036963015,1.0,23639.0,16064.0,0.6795549727145819,überwiegend neu eröffnet,nicht prüfbar,,0.27814205338635306,0.0,0.0,21.0,2026-10-13,UNAVAILABLE,UNAVAILABLE,UNAVAILABLE,UNAVAILABLE,UNAVAILABLE,False,False,,
2026-09-22,CAT,Caterpillar Inc.,Industrials,XLI,UNVOLLSTÄNDIG,Baseline erst 0 von 15 Handelstagen,808.01,-0.01039804041641157,-0.6201945310266165,0.001706108246559701,-0.01210414866297127,0.846010432013395,9889.0,4823.0,5066.0,0,False,UNAVAILABLE,UNAVAILABLE,UNAVAILABLE,UNAVAILABLE,0.9520331622581919,UNAVAILABLE,UNAVAILABLE,980.0,1452.0,2432.0,0.24592982101324704,1.0,1673.0,672.0,0.401673640167364,überwiegend neu eröffnet,nicht prüfbar,,0.5989240884638374,0.09205020920502092,0.0,UNAVAILABLE,UNAVAILABLE,UNAVAILABLE,UNAVAILABLE,UNAVAILABLE,UNAVAILABLE,UNAVAILABLE,False,False,,
2026-09-22,CMCSA,Comcast,Communication Services,XLC,UNVOLLSTÄNDIG,Baseline erst 0 von 15 Handelstagen,22.42,-0.022241617897434618,-1.0344209325949465,-0.010631808278867116,-0.011609809618567501,1.7482216294853463,21474.0,10905.0,10569.0,0,False,UNAVAILABLE,UNAVAILABLE,UNAVAILABLE,UNAVAILABLE,1.0317910871416407,UNAVAILABLE,UNAVAILABLE,5136.0,696.0,5832.0,0.2715842414082146,1.0,14500.0,6041.0,0.4166206896551724,überwiegend neu eröffnet,nicht prüfbar,,0.01889655172413793,0.22944827586206898,0.0,30.0,2026-10-22,15.0,2026-10-07,UNAVAILABLE,UNAVAILABLE,UNAVAILABLE,False,False,,
2026-09-22,COF,Capital One,Financials,XLF,UNVOLLSTÄNDIG,Baseline erst 0 von 15 Handelstagen,200.55,-0.021325386531296342,-1.7224087364532985,-0.019678023181621263,-0.0016473633496750795,0.8989143460822747,3174.0,1099.0,2075.0,0,False,UNAVAILABLE,UNAVAILABLE,UNAVAILABLE,UNAVAILABLE,0.5296385542168675,UNAVAILABLE,UNAVAILABLE,532.0,345.0,877.0,0.2763074984247007,1.0,1238.0,779.0,0.6292407108239095,überwiegend neu eröffnet,nicht prüfbar,,0.6340872374798061,0.0,0.0,28.0,2026-10-20,UNAVAILABLE,UNAVAILABLE,UNAVAILABLE,UNAVAILABLE,UNAVAILABLE,False,False,,63 % des Top-Volumens verfällt innerhalb von 7 Tagen
2026-09-22,COP,ConocoPhillips,Energy,XLE,UNVOLLSTÄNDIG,Baseline erst 0 von 15 Handelstagen,125.27,-0.017721311071350554,-0.8672905235803997,-0.010886953161062363,-0.006834357910288191,1.3055194424881529,10142.0,5307.0,4835.0,0,False,UNAVAILABLE,UNAVAILABLE,UNAVAILABLE,UNAVAILABLE,1.0976215098241986,UNAVAILABLE,UNAVAILABLE,393.0,-141.0,252.0,0.02484717018339578,1.0,4056.0,928.0,0.22879684418145957,"gemischt, nicht eindeutig",nicht prüfbar,,0.3641518737672584,0.0,0.0,UNAVAILABLE,UNAVAILABLE,UNAVAILABLE,UNAVAILABLE,UNAVAILABLE,UNAVAILABLE,UNAVAILABLE,False,False,,
2026-09-22,COST,Costco,Consumer Staples,XLP,UNVOLLSTÄNDIG,Baseline erst 0 von 15 Handelstagen,899.41,0.0010351032315318864,0.0925388040729488,0.009887717885249447,-0.008852614653717561,1.0166975258420614,26679.0,14174.0,12505.0,0,False,UNAVAILABLE,UNAVAILABLE,UNAVAILABLE,UNAVAILABLE,1.133466613354658,UNAVAILABLE,UNAVAILABLE,4220.0,2561.0,6781.0,0.25416994639979007,1.0,4524.0,1535.0,0.33930150309460655,überwiegend neu eröffnet,nicht prüfbar,,0.600132625994695,0.0,0.0,2.0,2026-09-24,UNAVAILABLE,UNAVAILABLE,UNAVAILABLE,UNAVAILABLE,UNAVAILABLE,False,False,,Quartalszahlen am 2026-09-24 (in 2 Tagen) | 60 % des Top-Volumens verfällt innerhalb von 7 Tagen
2026-09-22,CRM,Salesforce,Information Technology,XLK,UNVOLLSTÄNDIG,Baseline erst 0 von 15 Handelstagen,233.28,-0.013281440627968655,-0.2401431440312963,0.007287625619729399,-0.020569066247698053,0.7727891206580303,70093.0,43188.0,26905.0,0,False,UNAVAILABLE,UNAVAILABLE,UNAVAILABLE,UNAVAILABLE,1.6052034937743913,UNAVAILABLE,UNAVAILABLE,9208.0,4371.0,13579.0,0.1937283323584381,1.0,30862.0,5566.0,0.1803512410083598,"gemischt, nicht eindeutig",nicht prüfbar,,0.9126757825157151,0.208994880435487,0.0,UNAVAILABLE,UNAVAILABLE,UNAVAILABLE,UNAVAILABLE,UNAVAILABLE,UNAVAILABLE,UNAVAILABLE,False,False,,91 % des Top-Volumens verfällt innerhalb von 7 Tagen
2026-09-22,CSCO,Cisco,Information Technology,XLK,UNVOLLSTÄNDIG,Baseline erst 0 von 15 Handelstagen,106.44,-0.045038571018362616,-2.852837035766528,0.007287625619729399,-0.052326196638092015,1.7171808683241665,90432.0,65388.0,25044.0,0,False,UNAVAILABLE,UNAVAILABLE,UNAVAILABLE,UNAVAILABLE,2.610924772400575,UNAVAILABLE,UNAVAILABLE,19159.0,2681.0,21840.0,0.24150743099787686,1.0,37077.0,9056.0,0.24424845591606656,"gemischt, nicht eindeutig",nicht prüfbar,,0.6525608868031394,0.0,0.0,UNAVAILABLE,UNAVAILABLE,10.0,2026-10-02,UNAVAILABLE,UNAVAILABLE,UNAVAILABLE,False,False,,65 % des Top-Volumens verfällt innerhalb von 7 Tagen
2026-09-22,CVS,CVS Health,Health Care,XLV,UNVOLLSTÄNDIG,Baseline erst 0 von 15 Handelstagen,87.1,-0.005707745237790274,-0.38544845600195154,0.005206825168723617,-0.01091457040651389,1.2495447795792487,8135.0,4615.0,3520.0,0,False,UNAVAILABLE,UNAVAILABLE,UNAVAILABLE,UNAVAILABLE,1.3110795454545454,UNAVAILABLE,UNAVAILABLE,-51.0,1176.0,1125.0,0.13829133374308544,1.0,4314.0,2314.0,0.5363931386184515,überwiegend neu eröffnet,nicht prüfbar,,0.39337042188224386,0.0,0.0,UNAVAILABLE,UNAVAILABLE,UNAVAILABLE,UNAVAILABLE,UNAVAILABLE,UNAVAILABLE,UNAVAILABLE,False,False,,
2026-09-22,CVX,Chevron Corporation,Energy,XLE,UNVOLLSTÄNDIG,Baseline erst 0 von 15 Handelstagen,202.41,-0.006186469191697741,-0.39758019390455834,-0.010886953161062363,0.004700483969364622,1.0070155004772474,44018.0,31804.0,12214.0,0,False,UNAVAILABLE,UNAVAILABLE,UNAVAILABLE,UNAVAILABLE,2.603897167185197,UNAVAILABLE,UNAVAILABLE,12916.0,3881.0,16797.0,0.3815938934072425,1.0,22893.0,8583.0,0.37491809723496267,überwiegend neu eröffnet,nicht prüfbar,,0.7165945922334338,0.0,0.0,UNAVAILABLE,UNAVAILABLE,UNAVAILABLE,UNAVAILABLE,UNAVAILABLE,UNAVAILABLE,UNAVAILABLE,False,False,,72 % des Top-Volumens verfällt innerhalb von 7 Tagen
2026-09-22,DE,Deere & Company,Industrials,XLI,UNVOLLSTÄNDIG,Baseline erst 0 von 15 Handelstagen,703.12,0.026857330708172977,1.4712751126224877,0.001706108246559701,0.025151222461613276,1.1472435886041072,2771.0,1998.0,773.0,0,False,UNAVAILABLE,UNAVAILABLE,UNAVAILABLE,UNAVAILABLE,2.5847347994825354,UNAVAILABLE,UNAVAILABLE,972.0,38.0,1010.0,0.3644893540238181,1.0,1149.0,538.0,0.46823324630113144,überwiegend neu eröffnet,nicht prüfbar,,0.1288076588337685,0.6379460400348129,0.0,UNAVAILABLE,UNAVAILABLE,8.0,2026-09-30,UNAVAILABLE,UNAVAILABLE,UNAVAILABLE,False,False,,
2026-09-22,DELL,Dell Technologies,Information Technology,XLK,UNVOLLSTÄNDIG,Baseline erst 0 von 15 Handelstagen,548.92,-0.04587091771494212,-0.8281307198377081,0.007287625619729399,-0.053158543334671515,1.1106482627996992,108189.0,59439.0,48750.0,0,False,UNAVAILABLE,UNAVAILABLE,UNAVAILABLE,UNAVAILABLE,1.2192615384615384,UNAVAILABLE,UNAVAILABLE,10581.0,4387.0,14968.0,0.13835047925389826,1.0,22507.0,6640.0,0.2950193273203892,"gemischt, nicht eindeutig",nicht prüfbar,,0.6888967876660594,0.0,0.0,UNAVAILABLE,UNAVAILABLE,28.0,2026-10-20,UNAVAILABLE,UNAVAILABLE,UNAVAILABLE,False,False,,69 % des Top-Volumens verfällt innerhalb von 7 Tagen
2026-09-22,DHR,Danaher Corporation,Health Care,XLV,UNVOLLSTÄNDIG,Baseline erst 0 von 15 Handelstagen,221.09,0.024323590396520656,1.593214139479513,0.005206825168723617,0.01911676522779704,1.3154966863598418,6427.0,4642.0,1785.0,0,False,UNAVAILABLE,UNAVAILABLE,UNAVAILABLE,UNAVAILABLE,2.600560224089636,UNAVAILABLE,UNAVAILABLE,1961.0,348.0,2309.0,0.35926559825735177,1.0,4629.0,687.0,0.14841218405703174,"gemischt, nicht eindeutig",nicht prüfbar,,0.5359688917692806,0.5359688917692806,0.0,29.0,2026-10-21,8.0,2026-09-30,UNAVAILABLE,UNAVAILABLE,UNAVAILABLE,False,False,,
2026-09-22,DIS,Walt Disney Company,Communication Services,XLC,UNVOLLSTÄNDIG,Baseline erst 0 von 15 Handelstagen,103.82,-0.00393364044640343,-0.2481309189835653,-0.010631808278867116,0.006698167832463686,0.8914150492767264,14347.0,8354.0,5993.0,0,False,UNAVAILABLE,UNAVAILABLE,UNAVAILABLE,UNAVAILABLE,1.3939596195561488,UNAVAILABLE,UNAVAILABLE,1867.0,2625.0,4492.0,0.31309681466508676,1.0,6264.0,2764.0,0.44125159642401024,überwiegend neu eröffnet,nicht prüfbar,,0.6658684546615581,0.0,0.0,UNAVAILABLE,UNAVAILABLE,UNAVAILABLE,UNAVAILABLE,UNAVAILABLE,UNAVAILABLE,UNAVAILABLE,False,False,,67 % des Top-Volumens verfällt innerhalb von 7 Tagen
2026-09-22,DUK,Duke Energy,Utilities,XLU,UNVOLLSTÄNDIG,Baseline erst 0 von 15 Handelstagen,116.31,-0.003683380774696432,-0.4978484928956415,-0.003197241709295806,-0.0004861390654006259,0.6649254768190028,5608.0,4940.0,668.0,0,False,UNAVAILABLE,UNAVAILABLE,UNAVAILABLE,UNAVAILABLE,7.395209580838324,UNAVAILABLE,UNAVAILABLE,414.0,-1268.0,-854.0,-0.1522824536376605,1.0,4860.0,2245.0,0.4619341563786008,überwiegend neu eröffnet,nicht prüfbar,,0.0,0.0,0.0,UNAVAILABLE,UNAVAILABLE,UNAVAILABLE,UNAVAILABLE,UNAVAILABLE,UNAVAILABLE,UNAVAILABLE,False,False,,
2026-09-22,EMR,Emerson Electric,Industrials,XLI,UNVOLLSTÄNDIG,Baseline erst 0 von 15 Handelstagen,154.19,0.01627998127751029,0.9978293019028622,0.001706108246559701,0.01457387303095059,0.8147802632917814,1012.0,878.0,134.0,0,False,UNAVAILABLE,UNAVAILABLE,UNAVAILABLE,UNAVAILABLE,6.552238805970149,UNAVAILABLE,UNAVAILABLE,631.0,53.0,684.0,0.6758893280632411,1.0,803.0,706.0,0.8792029887920298,überwiegend neu eröffnet,nicht prüfbar,,0.021170610211706103,0.0,0.0,UNAVAILABLE,UNAVAILABLE,UNAVAILABLE,UNAVAILABLE,UNAVAILABLE,UNAVAILABLE,UNAVAILABLE,False,False,,
2026-09-22,FDX,FedEx,Industrials,XLI,UNVOLLSTÄNDIG,Baseline erst 0 von 15 Handelstagen,295.94,0.0005070876322563755,0.032396174116303654,0.001706108246559701,-0.0011990206143033255,0.9017791836158554,2206.0,1357.0,849.0,0,False,UNAVAILABLE,UNAVAILABLE,UNAVAILABLE,UNAVAILABLE,1.5983510011778563,UNAVAILABLE,UNAVAILABLE,717.0,1024.0,1741.0,0.7892112420670897,1.0,817.0,373.0,0.4565483476132191,überwiegend neu eröffnet,nicht prüfbar,,0.4479804161566707,0.06487148102815178,0.0,UNAVAILABLE,UNAVAILABLE,UNAVAILABLE,UNAVAILABLE,UNAVAILABLE,UNAVAILABLE,UNAVAILABLE,False,False,,
2026-09-22,GD,General Dynamics,Industrials,XLI,UNVOLLSTÄNDIG,Baseline erst 0 von 15 Handelstagen,343.39,-0.029697637970455992,-3.098385080889939,0.001706108246559701,-0.03140374621701569,1.2857935459139926,898.0,577.0,321.0,0,False,UNAVAILABLE,UNAVAILABLE,UNAVAILABLE,UNAVAILABLE,1.7975077881619939,UNAVAILABLE,UNAVAILABLE,-401.0,676.0,275.0,0.3062360801781737,1.0,491.0,269.0,0.5478615071283096,überwiegend neu eröffnet,nicht prüfbar,,0.4154786150712831,0.11608961303462322,0.0,UNAVAILABLE,UNAVAILABLE,17.0,2026-10-09,UNAVAILABLE,UNAVAILABLE,UNAVAILABLE,False,False,,
2026-09-22,GE,GE Aerospace,Industrials,XLI,UNVOLLSTÄNDIG,Baseline erst 0 von 15 Handelstagen,319.22,0.0006582559416530298,0.03845831170072478,0.001706108246559701,-0.0010478523049066713,0.8352465797483969,4927.0,3067.0,1860.0,0,False,UNAVAILABLE,UNAVAILABLE,UNAVAILABLE,UNAVAILABLE,1.6489247311827957,UNAVAILABLE,UNAVAILABLE,1188.0,223.0,1411.0,0.28638116500913335,1.0,1808.0,481.0,0.26603982300884954,"gemischt, nicht eindeutig",nicht prüfbar,,0.1836283185840708,0.13938053097345132,0.0,28.0,2026-10-20,UNAVAILABLE,UNAVAILABLE,UNAVAILABLE,UNAVAILABLE,UNAVAILABLE,False,False,,
2026-09-22,GEV,GE Vernova,Industrials,XLI,UNVOLLSTÄNDIG,Baseline erst 0 von 15 Handelstagen,950.28,0.004290788001291013,0.13843802154322998,0.001706108246559701,0.0025846797547313116,0.9730449603832688,8531.0,3681.0,4850.0,0,False,UNAVAILABLE,UNAVAILABLE,UNAVAILABLE,UNAVAILABLE,0.7589690721649485,UNAVAILABLE,UNAVAILABLE,385.0,1047.0,1432.0,0.16785839878091666,1.0,1953.0,553.0,0.2831541218637993,"gemischt, nicht eindeutig",nicht prüfbar,,0.6615463389656938,0.0,0.0,UNAVAILABLE,UNAVAILABLE,UNAVAILABLE,UNAVAILABLE,UNAVAILABLE,UNAVAILABLE,UNAVAILABLE,False,False,,66 % des Top-Volumens verfällt innerhalb von 7 Tagen
2026-09-22,GILD,Gilead Sciences,Health Care,XLV,UNVOLLSTÄNDIG,Baseline erst 0 von 15 Handelstagen,152.67,0.014014362882711184,1.0592348454103135,0.005206825168723617,0.008807537713987568,0.8766413740885757,5925.0,3617.0,2308.0,0,False,UNAVAILABLE,UNAVAILABLE,UNAVAILABLE,UNAVAILABLE,1.567157712305026,UNAVAILABLE,UNAVAILABLE,-692.0,193.0,-499.0,-0.08421940928270043,1.0,4393.0,2793.0,0.6357842021397678,überwiegend neu eröffnet,nicht prüfbar,,0.5595265194627816,0.292510812656499,0.0,UNAVAILABLE,UNAVAILABLE,UNAVAILABLE,UNAVAILABLE,UNAVAILABLE,UNAVAILABLE,UNAVAILABLE,False,False,,
2026-09-22,GM,General Motors,Consumer Discretionary,XLY,UNVOLLSTÄNDIG,Baseline erst 0 von 15 Handelstagen,83.45,-0.005955890010936438,-0.29294893573467345,0.0008909974166924073,-0.006846887427628845,0.994956344303938,7064.0,4523.0,2541.0,0,False,UNAVAILABLE,UNAVAILABLE,UNAVAILABLE,UNAVAILABLE,1.7800078709169618,UNAVAILABLE,UNAVAILABLE,-939.0,-2506.0,-3445.0,-0.4876840317100793,1.0,2805.0,286.0,0.10196078431372549,"gemischt, nicht eindeutig",nicht prüfbar,,0.6263814616755793,0.38181818181818183,0.0,28.0,2026-10-20,UNAVAILABLE,UNAVAILABLE,UNAVAILABLE,UNAVAILABLE,UNAVAILABLE,False,False,,63 % des Top-Volumens verfällt innerhalb von 7 Tagen
2026-09-22,GOOG,Alphabet Inc. (Class C),Communication Services,XLC,UNVOLLSTÄNDIG,Baseline erst 0 von 15 Handelstagen,347.41,-0.009861188375574481,-0.7008390300492469,-0.010631808278867116,0.0007706199032926353,1.2139026311818677,260259.0,178082.0,82177.0,0,False,UNAVAILABLE,UNAVAILABLE,UNAVAILABLE,UNAVAILABLE,2.167054041885199,UNAVAILABLE,UNAVAILABLE,29421.0,16958.0,46379.0,0.17820325137651338,1.0,87498.0,8539.0,0.097590802075476,"gemischt, nicht eindeutig",nicht prüfbar,,0.6918901003451507,0.0,0.0,UNAVAILABLE,UNAVAILABLE,UNAVAILABLE,UNAVAILABLE,UNAVAILABLE,UNAVAILABLE,UNAVAILABLE,False,False,,69 % des Top-Volumens verfällt innerhalb von 7 Tagen
2026-09-22,GOOGL,Alphabet Inc. (Class A),Communication Services,XLC,UNVOLLSTÄNDIG,Baseline erst 0 von 15 Handelstagen,351.16,-0.010733304807732824,-0.7273081726528622,-0.010631808278867116,-0.0001014965288657077,1.2236322597930152,624786.0,472613.0,152173.0,0,False,UNAVAILABLE,UNAVAILABLE,UNAVAILABLE,UNAVAILABLE,3.1057612059958073,UNAVAILABLE,UNAVAILABLE,71782.0,40928.0,112710.0,0.18039776819583025,1.0,209453.0,29549.0,0.14107699579380578,"gemischt, nicht eindeutig",nicht prüfbar,,0.9302612041842323,0.0,0.0,UNAVAILABLE,UNAVAILABLE,UNAVAILABLE,UNAVAILABLE,UNAVAILABLE,UNAVAILABLE,UNAVAILABLE,False,False,,93 % des Top-Volumens verfällt innerhalb von 7 Tagen
2026-09-22,GS,Goldman Sachs,Financials,XLF,UNVOLLSTÄNDIG,Baseline erst 0 von 15 Handelstagen,949.49,-0.01031907201167337,-0.5703582977081436,-0.019678023181621263,0.009358951169947893,1.0258390954584589,27061.0,12234.0,14827.0,0,False,UNAVAILABLE,UNAVAILABLE,UNAVAILABLE,UNAVAILABLE,0.8251163418088622,UNAVAILABLE,UNAVAILABLE,2570.0,1972.0,4542.0,0.167843021322198,1.0,5574.0,2495.0,0.44761392177969145,überwiegend neu eröffnet,nicht prüfbar,,0.7174381054897739,0.0,0.0,21.0,2026-10-13,UNAVAILABLE,UNAVAILABLE,UNAVAILABLE,UNAVAILABLE,UNAVAILABLE,False,False,,72 % des Top-Volumens verfällt innerhalb von 7 Tagen
2026-09-22,HD,Home Depot,Consumer Discretionary,XLY,UNVOLLSTÄNDIG,Baseline erst 0 von 15 Handelstagen,305.35,0.027422568836543038,2.5438008506660728,0.0008909974166924073,0.02653157141985063,1.3587530328835646,28662.0,23556.0,5106.0,0,False,UNAVAILABLE,UNAVAILABLE,UNAVAILABLE,UNAVAILABLE,4.613396004700353,UNAVAILABLE,UNAVAILABLE,6018.0,1755.0,7773.0,0.27119531086455934,1.0,16513.0,5504.0,0.3333131472173439,überwiegend neu eröffnet,nicht prüfbar,,0.7157391146369527,0.09798340701265669,0.0,UNAVAILABLE,UNAVAILABLE,UNAVAILABLE,UNAVAILABLE,UNAVAILABLE,UNAVAILABLE,UNAVAILABLE,False,False,,72 % des Top-Volumens verfällt innerhalb von 7 Tagen
2026-09-22,IBM,IBM,Information Technology,XLK,UNVOLLSTÄNDIG,Baseline erst 0 von 15 Handelstagen,231.38,-0.0023713736608016456,-0.10241331747630743,0.007287625619729399,-0.009658999280531044,0.8737448161207227,32463.0,25185.0,7278.0,0,False,UNAVAILABLE,UNAVAILABLE,UNAVAILABLE,UNAVAILABLE,3.46042868920033,UNAVAILABLE,UNAVAILABLE,6854.0,2243.0,9097.0,0.2802267196500631,1.0,12966.0,3435.0,0.26492364645997224,"gemischt, nicht eindeutig",nicht prüfbar,,0.6634274255745797,0.03863951874132346,0.0,29.0,2026-10-21,UNAVAILABLE,UNAVAILABLE,UNAVAILABLE,UNAVAILABLE,UNAVAILABLE,False,False,,66 % des Top-Volumens verfällt innerhalb von 7 Tagen
2026-09-22,INTC,Intel,Information Technology,XLK,UNVOLLSTÄNDIG,Baseline erst 0 von 15 Handelstagen,123.86,0.01707999048737663,0.3783644565807627,0.007287625619729399,0.00979236486764723,1.010686916219856,664935.0,427521.0,237414.0,0,False,UNAVAILABLE,UNAVAILABLE,UNAVAILABLE,UNAVAILABLE,1.800740478657535,UNAVAILABLE,UNAVAILABLE,87394.0,47286.0,134680.0,0.2025461135298939,1.0,169070.0,30072.0,0.17786715561601704,"gemischt, nicht eindeutig",nicht prüfbar,,0.9342639143550009,0.31789791210741114,0.0,30.0,2026-10-22,UNAVAILABLE,UNAVAILABLE,UNAVAILABLE,UNAVAILABLE,UNAVAILABLE,False,False,,93 % des Top-Volumens verfällt innerhalb von 7 Tagen
2026-09-22,INTU,Intuit,Information Technology,XLK,UNVOLLSTÄNDIG,Baseline erst 0 von 15 Handelstagen,292.35,-0.03870181279153351,-1.4629006201607173,0.007287625619729399,-0.045989438411262906,1.2330132489225014,19236.0,6631.0,12605.0,0,False,UNAVAILABLE,UNAVAILABLE,UNAVAILABLE,UNAVAILABLE,0.5260610868702895,UNAVAILABLE,UNAVAILABLE,2156.0,6783.0,8939.0,0.4647016011644833,1.0,5660.0,2828.0,0.49964664310954066,überwiegend neu eröffnet,nicht prüfbar,,0.2508833922261484,0.08197879858657244,0.0,UNAVAILABLE,UNAVAILABLE,16.0,2026-10-08,UNAVAILABLE,UNAVAILABLE,UNAVAILABLE,False,False,,
2026-09-22,ISRG,Intuitive Surgical,Health Care,XLV,UNVOLLSTÄNDIG,Baseline erst 0 von 15 Handelstagen,402.09,0.0010954963530487305,0.061575385227493146,0.005206825168723617,-0.004111328815674886,0.7353219699500056,2764.0,1496.0,1268.0,0,False,UNAVAILABLE,UNAVAILABLE,UNAVAILABLE,UNAVAILABLE,1.1798107255520505,UNAVAILABLE,UNAVAILABLE,-995.0,153.0,-842.0,-0.30463096960926195,1.0,1019.0,339.0,0.3326790971540726,überwiegend neu eröffnet,nicht prüfbar,,0.43277723258096173,0.10206084396467124,0.0,28.0,2026-10-20,UNAVAILABLE,UNAVAILABLE,UNAVAILABLE,UNAVAILABLE,UNAVAILABLE,False,False,,
2026-09-22,JNJ,Johnson & Johnson,Health Care,XLV,UNVOLLSTÄNDIG,Baseline erst 0 von 15 Handelstagen,269.19,-0.001039081231434702,-0.0953843840521509,0.005206825168723617,-0.006245906400158319,0.8833413408176389,14876.0,4840.0,10036.0,0,False,UNAVAILABLE,UNAVAILABLE,UNAVAILABLE,UNAVAILABLE,0.4822638501394978,UNAVAILABLE,UNAVAILABLE,105.0,-3559.0,-3454.0,-0.23218607152460338,1.0,9116.0,-1842.0,-0.20206230802983766,"gemischt, nicht eindeutig",nicht prüfbar,,0.7277314611671786,0.0,0.0,21.0,2026-10-13,UNAVAILABLE,UNAVAILABLE,UNAVAILABLE,UNAVAILABLE,UNAVAILABLE,False,False,,73 % des Top-Volumens verfällt innerhalb von 7 Tagen
2026-09-22,JPM,JPMorgan Chase,Financials,XLF,UNVOLLSTÄNDIG,Baseline erst 0 von 15 Handelstagen,340.0,-0.034200682458469855,-3.856894373520275,-0.019678023181621263,-0.014522659276848593,1.7655665165726966,98737.0,63846.0,34891.0,0,False,UNAVAILABLE,UNAVAILABLE,UNAVAILABLE,UNAVAILABLE,1.8298701670918003,UNAVAILABLE,UNAVAILABLE,22638.0,12441.0,35079.0,0.35527715040967417,1.0,34690.0,14644.0,0.42213894494090515,überwiegend neu eröffnet,nicht prüfbar,,0.8863649466705102,0.0,0.0,21.0,2026-10-13,14.0,2026-10-06,UNAVAILABLE,UNAVAILABLE,UNAVAILABLE,False,False,,89 % des Top-Volumens verfällt innerhalb von 7 Tagen
2026-09-22,KO,Coca-Cola Company,Consumer Staples,XLP,UNVOLLSTÄNDIG,Baseline erst 0 von 15 Handelstagen,88.61,0.01710281458268703,2.0366637376624643,0.009887717885249447,0.007215096697437584,1.1512615332384937,37230.0,26166.0,11064.0,0,False,UNAVAILABLE,UNAVAILABLE,UNAVAILABLE,UNAVAILABLE,2.3649674620390457,UNAVAILABLE,UNAVAILABLE,12500.0,2605.0,15105.0,0.4057211925866237,1.0,21145.0,9171.0,0.4337195554504611,überwiegend neu eröffnet,nicht prüfbar,,0.5879877039489241,0.09586190588791677,0.0,28.0,2026-10-20,UNAVAILABLE,UNAVAILABLE,UNAVAILABLE,UNAVAILABLE,UNAVAILABLE,False,False,,
2026-09-22,LIN,Linde plc,Materials,XLB,UNVOLLSTÄNDIG,Baseline erst 0 von 15 Handelstagen,464.91,0.016196721311475537,2.2020496025056633,0.016495693635679043,-0.00029897232420350583,0.95364502950522,1542.0,1233.0,309.0,0,False,UNAVAILABLE,UNAVAILABLE,UNAVAILABLE,UNAVAILABLE,3.9902912621359223,UNAVAILABLE,UNAVAILABLE,650.0,-826.0,-176.0,-0.11413748378728923,1.0,1044.0,818.0,0.7835249042145593,überwiegend neu eröffnet,nicht prüfbar,,0.0,0.0,0.0,UNAVAILABLE,UNAVAILABLE,UNAVAILABLE,UNAVAILABLE,UNAVAILABLE,UNAVAILABLE,UNAVAILABLE,False,False,,
2026-09-22,LLY,Eli Lilly and Company,Health Care,XLV,UNVOLLSTÄNDIG,Baseline erst 0 von 15 Handelstagen,1170.14,0.004506850677355123,0.36837640916078535,0.005206825168723617,-0.0006999744913684935,1.0025877767263764,35160.0,21051.0,14109.0,0,False,UNAVAILABLE,UNAVAILABLE,UNAVAILABLE,UNAVAILABLE,1.4920263661492665,UNAVAILABLE,UNAVAILABLE,7205.0,2162.0,9367.0,0.26641069397042094,1.0,13967.0,5802.0,0.41540774683181786,überwiegend neu eröffnet,nicht prüfbar,,0.8018901696856877,0.0,0.0,UNAVAILABLE,UNAVAILABLE,UNAVAILABLE,UNAVAILABLE,UNAVAILABLE,UNAVAILABLE,UNAVAILABLE,False,False,,80 % des Top-Volumens verfällt innerhalb von 7 Tagen
2026-09-22,LMT,Lockheed Martin,Industrials,XLI,UNVOLLSTÄNDIG,Baseline erst 0 von 15 Handelstagen,522.34,-0.02439302170065316,-1.8842387198585964,0.001706108246559701,-0.026099129947212862,1.273650634492241,6529.0,2128.0,4401.0,0,False,UNAVAILABLE,UNAVAILABLE,UNAVAILABLE,UNAVAILABLE,0.4835264712565326,UNAVAILABLE,UNAVAILABLE,-282.0,2818.0,2536.0,0.38842089140756625,1.0,2867.0,2404.0,0.8385071503313568,überwiegend neu eröffnet,nicht prüfbar,,0.1430066271363795,0.07429368678060691,0.0,28.0,2026-10-20,UNAVAILABLE,UNAVAILABLE,UNAVAILABLE,UNAVAILABLE,UNAVAILABLE,False,False,,
2026-09-22,LOW,Lowe's,Consumer Discretionary,XLY,UNVOLLSTÄNDIG,Baseline erst 0 von 15 Handelstagen,196.08,0.026704389918077442,2.470982774330059,0.0008909974166924073,0.025813392501385035,1.0843785647440214,15578.0,2613.0,12965.0,0,False,UNAVAILABLE,UNAVAILABLE,UNAVAILABLE,UNAVAILABLE,0.2015426147319707,UNAVAILABLE,UNAVAILABLE,1691.0,5917.0,7608.0,0.4883810501989986,1.0,13344.0,6287.0,0.47114808153477217,überwiegend neu eröffnet,nicht prüfbar,,0.048111510791366906,0.011465827338129496,0.0,UNAVAILABLE,UNAVAILABLE,29.0,2026-10-21,UNAVAILABLE,UNAVAILABLE,UNAVAILABLE,False,False,,
2026-09-22,LRCX,Lam Research,Information Technology,XLK,UNVOLLSTÄNDIG,Baseline erst 0 von 15 Handelstagen,310.96,0.028715102738374076,0.7597431913901711,0.007287625619729399,0.021427477118644678,1.0859283301457696,29568.0,17783.0,11785.0,0,False,UNAVAILABLE,UNAVAILABLE,UNAVAILABLE,UNAVAILABLE,1.5089520577004667,UNAVAILABLE,UNAVAILABLE,-761.0,-8310.0,-9071.0,-0.30678436147186144,1.0,9712.0,-416.0,-0.042833607907743,"gemischt, nicht eindeutig",nicht prüfbar,bei 1 Kontrakt(en) ist die OI-Veränderung größer als das Volumen: Datenbasis prüfen,0.9468698517298187,0.6530065897858319,0.0,29.0,2026-10-21,1.0,2026-09-23,UNAVAILABLE,UNAVAILABLE,UNAVAILABLE,False,False,,Ex-Dividende am 2026-09-23 und 65 % des Top-Volumens in Calls im Geld: typisches Muster von Dividendenarbitrage | 95 % des Top-Volumens verfällt innerhalb von 7 Tagen
2026-09-22,MA,Mastercard,Financials,XLF,UNVOLLSTÄNDIG,Baseline erst 0 von 15 Handelstagen,555.89,-0.02071703322166052,-1.868203582262858,-0.019678023181621263,-0.0010390100400392566,1.4085398045317612,7872.0,3688.0,4184.0,0,False,UNAVAILABLE,UNAVAILABLE,UNAVAILABLE,UNAVAILABLE,0.8814531548757171,UNAVAILABLE,UNAVAILABLE,729.0,1692.0,2421.0,0.3075457317073171,1.0,2846.0,1748.0,0.6141953619114546,überwiegend neu eröffnet,nicht prüfbar,,0.11665495432185524,0.0,0.0,UNAVAILABLE,UNAVAILABLE,UNAVAILABLE,UNAVAILABLE,UNAVAILABLE,UNAVAILABLE,UNAVAILABLE,False,False,,
2026-09-22,MCD,McDonald's,Consumer Discretionary,XLY,UNVOLLSTÄNDIG,Baseline erst 0 von 15 Handelstagen,250.35,0.009964479056530529,0.8862900221419243,0.0008909974166924073,0.009073481639838121,1.0830221166605207,34070.0,21825.0,12245.0,0,False,UNAVAILABLE,UNAVAILABLE,UNAVAILABLE,UNAVAILABLE,1.782360146998775,UNAVAILABLE,UNAVAILABLE,2572.0,5452.0,8024.0,0.23551511593777516,1.0,12037.0,5291.0,0.4395613524964692,überwiegend neu eröffnet,nicht prüfbar,,0.5017861593420287,0.10982803024009305,0.0,UNAVAILABLE,UNAVAILABLE,UNAVAILABLE,UNAVAILABLE,UNAVAILABLE,UNAVAILABLE,UNAVAILABLE,False,False,,
2026-09-22,MDLZ,Mondelez International,Consumer Staples,XLP,UNVOLLSTÄNDIG,Baseline erst 0 von 15 Handelstagen,61.08,0.015123846746672331,1.5310537568574427,0.009887717885249447,0.005236128861422884,1.117804592166368,1198.0,813.0,385.0,0,False,UNAVAILABLE,UNAVAILABLE,UNAVAILABLE,UNAVAILABLE,2.1116883116883116,UNAVAILABLE,UNAVAILABLE,721.0,290.0,1011.0,0.843906510851419,1.0,877.0,556.0,0.6339794754846066,überwiegend neu eröffnet,nicht prüfbar,,0.0,0.046750285062713795,0.0,UNAVAILABLE,UNAVAILABLE,8.0,2026-09-30,UNAVAILABLE,UNAVAILABLE,UNAVAILABLE,False,False,,
2026-09-22,MDT,Medtronic,Health Care,XLV,UNVOLLSTÄNDIG,Baseline erst 0 von 15 Handelstagen,90.77,-0.01068119891008179,-0.8097612054602115,0.005206825168723617,-0.015888024078805407,1.7069403261337914,14552.0,10413.0,4139.0,0,False,UNAVAILABLE,UNAVAILABLE,UNAVAILABLE,UNAVAILABLE,2.515825078521382,UNAVAILABLE,UNAVAILABLE,5803.0,3803.0,9606.0,0.6601154480483782,1.0,9374.0,6582.0,0.7021548965222957,überwiegend neu eröffnet,nicht prüfbar,,0.1632174098570514,0.11542564540217623,0.0,UNAVAILABLE,UNAVAILABLE,3.0,2026-09-25,UNAVAILABLE,UNAVAILABLE,UNAVAILABLE,False,False,,Ex-Dividende am 2026-09-25
2026-09-22,META,Meta Platforms,Communication Services,XLC,UNVOLLSTÄNDIG,Baseline erst 0 von 15 Handelstagen,736.595,-0.006279932546374378,-0.20857343045003893,-0.010631808278867116,0.004351875732492738,1.490982811660717,758666.0,505444.0,253222.0,0,False,UNAVAILABLE,UNAVAILABLE,UNAVAILABLE,UNAVAILABLE,1.9960508960516858,UNAVAILABLE,UNAVAILABLE,82787.0,61570.0,144357.0,0.19027740797663267,1.0,235331.0,22752.0,0.09668084527750276,"gemischt, nicht eindeutig",nicht prüfbar,,1.0,0.0,0.0,UNAVAILABLE,UNAVAILABLE,UNAVAILABLE,UNAVAILABLE,UNAVAILABLE,UNAVAILABLE,UNAVAILABLE,False,False,,100 % des Top-Volumens verfällt innerhalb von 7 Tagen
2026-09-22,MMM,3M,Industrials,XLI,UNVOLLSTÄNDIG,Baseline erst 0 von 15 Handelstagen,169.3,0.026247188866199034,2.3238827858321156,0.001706108246559701,0.024541080619639333,1.0606917507452558,4063.0,2616.0,1447.0,0,False,UNAVAILABLE,UNAVAILABLE,UNAVAILABLE,UNAVAILABLE,1.8078783690393918,UNAVAILABLE,UNAVAILABLE,431.0,386.0,817.0,0.20108294363770612,1.0,1945.0,164.0,0.08431876606683805,"gemischt, nicht eindeutig",nicht prüfbar,,0.35167095115681235,0.10539845758354756,0.0,28.0,2026-10-20,UNAVAILABLE,UNAVAILABLE,UNAVAILABLE,UNAVAILABLE,UNAVAILABLE,False,False,,
2026-09-22,MO,Altria,Consumer Staples,XLP,UNVOLLSTÄNDIG,Baseline erst 0 von 15 Handelstagen,68.64,0.0016051542778716676,0.11734916656428511,0.009887717885249447,-0.00828256360737778,0.5894572173199844,10404.0,6735.0,3669.0,0,False,UNAVAILABLE,UNAVAILABLE,UNAVAILABLE,UNAVAILABLE,1.8356500408830745,UNAVAILABLE,UNAVAILABLE,6167.0,2898.0,9065.0,0.8712995001922338,1.0,6176.0,4517.0,0.7313795336787565,überwiegend neu eröffnet,nicht prüfbar,,0.6261334196891192,0.038374352331606215,0.0,UNAVAILABLE,UNAVAILABLE,UNAVAILABLE,UNAVAILABLE,UNAVAILABLE,UNAVAILABLE,UNAVAILABLE,False,False,,63 % des Top-Volumens verfällt innerhalb von 7 Tagen
2026-09-22,MRK,Merck & Co.,Health Care,XLV,UNVOLLSTÄNDIG,Baseline erst 0 von 15 Handelstagen,150.91,0.009431438127090352,0.613167245551472,0.005206825168723617,0.004224612958366736,1.0203841836289318,41719.0,37346.0,4373.0,0,False,UNAVAILABLE,UNAVAILABLE,UNAVAILABLE,UNAVAILABLE,8.54013263206037,UNAVAILABLE,UNAVAILABLE,6579.0,1393.0,7972.0,0.19108799348018887,1.0,33455.0,5466.0,0.16338364967867283,"gemischt, nicht eindeutig",nicht prüfbar,,0.2587655059034524,0.30536541623075775,0.0,UNAVAILABLE,UNAVAILABLE,UNAVAILABLE,UNAVAILABLE,UNAVAILABLE,UNAVAILABLE,UNAVAILABLE,False,False,,
2026-09-22,MS,Morgan Stanley,Financials,XLF,UNVOLLSTÄNDIG,Baseline erst 0 von 15 Handelstagen,200.18,-0.028818141169712153,-2.1578798328487356,-0.019678023181621263,-0.00914011798809089,1.7921635319465423,14532.0,7837.0,6695.0,0,False,UNAVAILABLE,UNAVAILABLE,UNAVAILABLE,UNAVAILABLE,1.1705750560119492,UNAVAILABLE,UNAVAILABLE,2068.0,-1607.0,461.0,0.031723093861822184,1.0,6737.0,1901.0,0.2821730740685765,"gemischt, nicht eindeutig",nicht prüfbar,,0.3284844886447974,0.15867596853198754,0.0,22.0,2026-10-14,UNAVAILABLE,UNAVAILABLE,UNAVAILABLE,UNAVAILABLE,UNAVAILABLE,False,False,,
2026-09-22,MSFT,Microsoft,Information Technology,XLK,UNVOLLSTÄNDIG,Baseline erst 0 von 15 Handelstagen,498.0,-0.007196797226898033,-0.5056588259736119,0.007287625619729399,-0.014484422846627432,0.9410339250794918,553617.0,414835.0,138782.0,0,False,UNAVAILABLE,UNAVAILABLE,UNAVAILABLE,UNAVAILABLE,2.9891124209191395,UNAVAILABLE,UNAVAILABLE,59166.0,45456.0,104622.0,0.18897902340426684,1.0,230048.0,26468.0,0.11505424954792043,"gemischt, nicht eindeutig",nicht prüfbar,,1.0,0.08068750869383781,0.0,UNAVAILABLE,UNAVAILABLE,UNAVAILABLE,UNAVAILABLE,UNAVAILABLE,UNAVAILABLE,UNAVAILABLE,False,False,,100 % des Top-Volumens verfällt innerhalb von 7 Tagen
2026-09-22,MU,Micron Technology,Information Technology,XLK,UNVOLLSTÄNDIG,Baseline erst 0 von 15 Handelstagen,1096.16,0.05000195507078953,1.5047745817348843,0.007287625619729399,0.04271432945106013,1.070458536295003,847444.0,587734.0,259710.0,0,False,UNAVAILABLE,UNAVAILABLE,UNAVAILABLE,UNAVAILABLE,2.2630395441068885,UNAVAILABLE,UNAVAILABLE,43221.0,43291.0,86512.0,0.10208580153968876,1.0,219491.0,12100.0,0.05512754509296509,"gemischt, nicht eindeutig",nicht prüfbar,,1.0,0.46933131654600874,0.0,8.0,2026-09-30,UNAVAILABLE,UNAVAILABLE,UNAVAILABLE,UNAVAILABLE,UNAVAILABLE,False,False,,Quartalszahlen am 2026-09-30 (in 8 Tagen) | 100 % des Top-Volumens verfällt innerhalb von 7 Tagen
2026-09-22,NEE,NextEra Energy,Utilities,XLU,UNVOLLSTÄNDIG,Baseline erst 0 von 15 Handelstagen,79.26,-0.004646455684790052,-0.581659563845334,-0.003197241709295806,-0.0014492139754942457,0.8608772705050581,13260.0,5066.0,8194.0,0,False,UNAVAILABLE,UNAVAILABLE,UNAVAILABLE,UNAVAILABLE,0.6182572614107884,UNAVAILABLE,UNAVAILABLE,4205.0,3165.0,7370.0,0.5558069381598794,1.0,9850.0,4941.0,0.5016243654822335,überwiegend neu eröffnet,nicht prüfbar,,0.018578680203045685,0.0,0.0,UNAVAILABLE,UNAVAILABLE,UNAVAILABLE,UNAVAILABLE,UNAVAILABLE,UNAVAILABLE,UNAVAILABLE,False,False,,
2026-09-22,NFLX,Netflix,Communication Services,XLC,UNVOLLSTÄNDIG,Baseline erst 0 von 15 Handelstagen,72.16,-0.016357696297268576,-0.6677597385386167,-0.010631808278867116,-0.005725888018401459,1.1112161579760504,252809.0,149144.0,103665.0,0,False,UNAVAILABLE,UNAVAILABLE,UNAVAILABLE,UNAVAILABLE,1.4387112332995706,UNAVAILABLE,UNAVAILABLE,721.0,-3889.0,-3168.0,-0.012531199443057802,1.0,91562.0,21129.0,0.23076166968829864,"gemischt, nicht eindeutig",nicht prüfbar,,0.8239662742185623,0.07972739782879361,0.0,28.0,2026-10-20,UNAVAILABLE,UNAVAILABLE,UNAVAILABLE,UNAVAILABLE,UNAVAILABLE,False,False,,82 % des Top-Volumens verfällt innerhalb von 7 Tagen
2026-09-22,NOW,ServiceNow,Information Technology,XLK,UNVOLLSTÄNDIG,Baseline erst 0 von 15 Handelstagen,137.0,-0.004938936025240426,-0.12369949356960717,0.007287625619729399,-0.012226561644969824,0.7777074161167683,72214.0,50656.0,21558.0,0,False,UNAVAILABLE,UNAVAILABLE,UNAVAILABLE,UNAVAILABLE,2.3497541515910565,UNAVAILABLE,UNAVAILABLE,10512.0,9567.0,20079.0,0.27804857783809234,1.0,23189.0,1150.0,0.04959247919272069,"gemischt, nicht eindeutig",nicht prüfbar,,0.7064125231790935,0.0,0.0,UNAVAILABLE,UNAVAILABLE,UNAVAILABLE,UNAVAILABLE,UNAVAILABLE,UNAVAILABLE,UNAVAILABLE,False,False,,71 % des Top-Volumens verfällt innerhalb von 7 Tagen
2026-09-22,NVDA,Nvidia,Information Technology,XLK,UNVOLLSTÄNDIG,Baseline erst 0 von 15 Handelstagen,228.87,0.006552885412925535,0.22212048769484258,0.007287625619729399,-0.0007347402068038633,0.7584413953616299,2010361.0,1418397.0,591964.0,0,False,UNAVAILABLE,UNAVAILABLE,UNAVAILABLE,UNAVAILABLE,2.396086586346467,UNAVAILABLE,UNAVAILABLE,81204.0,129865.0,211069.0,0.10499059621630145,1.0,993174.0,-4425.0,-0.004455412646726556,"gemischt, nicht eindeutig",nicht prüfbar,,1.0,0.06591392847577564,0.0,UNAVAILABLE,UNAVAILABLE,UNAVAILABLE,UNAVAILABLE,UNAVAILABLE,UNAVAILABLE,UNAVAILABLE,False,False,,100 % des Top-Volumens verfällt innerhalb von 7 Tagen
2026-09-22,ORCL,Oracle Corporation,Information Technology,XLK,UNVOLLSTÄNDIG,Baseline erst 0 von 15 Handelstagen,149.2,0.004308040198733876,0.1331745005040425,0.007287625619729399,-0.002979585420995523,1.081894575404236,273928.0,209717.0,64211.0,0,False,UNAVAILABLE,UNAVAILABLE,UNAVAILABLE,UNAVAILABLE,3.2660603323418105,UNAVAILABLE,UNAVAILABLE,40939.0,14215.0,55154.0,0.20134487894629247,1.0,122239.0,16485.0,0.1348587602974501,"gemischt, nicht eindeutig",nicht prüfbar,,0.8633087639787629,0.0,0.0,UNAVAILABLE,UNAVAILABLE,17.0,2026-10-09,UNAVAILABLE,UNAVAILABLE,UNAVAILABLE,False,False,,86 % des Top-Volumens verfällt innerhalb von 7 Tagen
2026-09-22,PANW,Palo Alto Networks,Information Technology,XLK,UNVOLLSTÄNDIG,Baseline erst 0 von 15 Handelstagen,374.57,0.007558613515602497,0.14706222369189378,0.007287625619729399,0.00027098789587309824,1.2359760830045752,37719.0,23252.0,14467.0,0,False,UNAVAILABLE,UNAVAILABLE,UNAVAILABLE,UNAVAILABLE,1.6072440727172186,UNAVAILABLE,UNAVAILABLE,11689.0,4677.0,16366.0,0.43389273310533155,1.0,18614.0,11813.0,0.6346298485011281,überwiegend neu eröffnet,nicht prüfbar,,0.2923605888041259,0.12861287203180402,0.0,UNAVAILABLE,UNAVAILABLE,UNAVAILABLE,UNAVAILABLE,UNAVAILABLE,UNAVAILABLE,UNAVAILABLE,False,False,,
2026-09-22,PEP,PepsiCo,Consumer Staples,XLP,UNVOLLSTÄNDIG,Baseline erst 0 von 15 Handelstagen,131.19,0.012346660292647638,1.3227121618736324,0.009887717885249447,0.0024589424073981903,0.9732159141307728,60113.0,54802.0,5311.0,0,False,UNAVAILABLE,UNAVAILABLE,UNAVAILABLE,UNAVAILABLE,10.31858407079646,UNAVAILABLE,UNAVAILABLE,4931.0,2447.0,7378.0,0.12273551478049673,1.0,48937.0,2872.0,0.058687700512904346,"gemischt, nicht eindeutig",nicht prüfbar,,0.0647567280380898,0.04941046651817643,0.0,16.0,2026-10-08,UNAVAILABLE,UNAVAILABLE,UNAVAILABLE,UNAVAILABLE,UNAVAILABLE,False,False,,
2026-09-22,PFE,Pfizer,Health Care,XLV,UNVOLLSTÄNDIG,Baseline erst 0 von 15 Handelstagen,27.93,0.0068493233759741035,0.6461499918171495,0.005206825168723617,0.0016424982072504868,0.7687775051744895,67120.0,55262.0,11858.0,0,False,UNAVAILABLE,UNAVAILABLE,UNAVAILABLE,UNAVAILABLE,4.660313712261765,UNAVAILABLE,UNAVAILABLE,36008.0,676.0,36684.0,0.5465435041716329,1.0,45047.0,19862.0,0.4409172641907341,überwiegend neu eröffnet,nicht prüfbar,,0.3522099140897285,0.0,0.0,UNAVAILABLE,UNAVAILABLE,UNAVAILABLE,UNAVAILABLE,UNAVAILABLE,UNAVAILABLE,UNAVAILABLE,False,False,,
2026-09-22,PG,Procter & Gamble,Consumer Staples,XLP,UNVOLLSTÄNDIG,Baseline erst 0 von 15 Handelstagen,148.22,0.014649494401158814,1.6254177779331698,0.009887717885249447,0.004761776515909366,0.6304416966221043,13857.0,9249.0,4608.0,0,False,UNAVAILABLE,UNAVAILABLE,UNAVAILABLE,UNAVAILABLE,2.0071614583333335,UNAVAILABLE,UNAVAILABLE,7093.0,1265.0,8358.0,0.6031608573284261,1.0,6846.0,3965.0,0.5791703184341221,überwiegend neu eröffnet,nicht prüfbar,,0.05959684487291849,0.05959684487291849,0.0,30.0,2026-10-22,UNAVAILABLE,UNAVAILABLE,UNAVAILABLE,UNAVAILABLE,UNAVAILABLE,False,False,,
2026-09-22,PLTR,Palantir Technologies,Information Technology,XLK,UNVOLLSTÄNDIG,Baseline erst 0 von 15 Handelstagen,184.99,0.010377430226187423,0.31966120056207903,0.007287625619729399,0.0030898046064580242,0.7196424761909779,232034.0,151790.0,80244.0,0,False,UNAVAILABLE,UNAVAILABLE,UNAVAILABLE,UNAVAILABLE,1.891605602911121,UNAVAILABLE,UNAVAILABLE,25016.0,18634.0,43650.0,0.18811898256290027,1.0,102247.0,9137.0,0.08936203507193365,"gemischt, nicht eindeutig",nicht prüfbar,,0.9375825207585553,0.07636409870216242,0.0,UNAVAILABLE,UNAVAILABLE,UNAVAILABLE,UNAVAILABLE,UNAVAILABLE,UNAVAILABLE,UNAVAILABLE,False,False,,94 % des Top-Volumens verfällt innerhalb von 7 Tagen
2026-09-22,PM,Philip Morris International,Consumer Staples,XLP,UNVOLLSTÄNDIG,Baseline erst 0 von 15 Handelstagen,190.23,0.01466825440116537,1.1033133732318008,0.009887717885249447,0.004780536515915923,1.6489198635815496,3970.0,2514.0,1456.0,0,False,UNAVAILABLE,UNAVAILABLE,UNAVAILABLE,UNAVAILABLE,1.7266483516483517,UNAVAILABLE,UNAVAILABLE,939.0,510.0,1449.0,0.3649874055415617,1.0,1681.0,775.0,0.46103509815585964,überwiegend neu eröffnet,nicht prüfbar,,0.5556216537775134,0.0,0.0,29.0,2026-10-21,10.0,2026-10-02,UNAVAILABLE,UNAVAILABLE,UNAVAILABLE,False,False,,
2026-09-22,QCOM,Qualcomm,Information Technology,XLK,UNVOLLSTÄNDIG,Baseline erst 0 von 15 Handelstagen,198.27,0.020800104831018018,0.6808154712223943,0.007287625619729399,0.01351247921128862,0.923138276030319,97480.0,75441.0,22039.0,0,False,UNAVAILABLE,UNAVAILABLE,UNAVAILABLE,UNAVAILABLE,3.423068197286628,UNAVAILABLE,UNAVAILABLE,-31974.0,-27921.0,-59895.0,-0.6144337299958966,1.0,41064.0,-13916.0,-0.3388856419248003,überwiegend geschlossen,nicht prüfbar,bei 1 Kontrakt(en) ist die OI-Veränderung größer als das Volumen: Datenbasis prüfen,0.5895187999220729,0.0,0.0,UNAVAILABLE,UNAVAILABLE,UNAVAILABLE,UNAVAILABLE,UNAVAILABLE,UNAVAILABLE,UNAVAILABLE,False,False,,
2026-09-22,RTX,RTX Corporation,Industrials,XLI,UNVOLLSTÄNDIG,Baseline erst 0 von 15 Handelstagen,190.99,-0.01723781208715347,-1.9445877569315384,0.001706108246559701,-0.01894392033371317,1.1540601806570394,8527.0,5377.0,3150.0,0,False,UNAVAILABLE,UNAVAILABLE,UNAVAILABLE,UNAVAILABLE,1.706984126984127,UNAVAILABLE,UNAVAILABLE,3439.0,579.0,4018.0,0.4712091005042805,1.0,3534.0,1290.0,0.36502546689303905,überwiegend neu eröffnet,nicht prüfbar,,0.3010752688172043,0.09932088285229201,0.0,28.0,2026-10-20,UNAVAILABLE,UNAVAILABLE,UNAVAILABLE,UNAVAILABLE,UNAVAILABLE,False,False,,
2026-09-22,SBUX,Starbucks,Consumer Discretionary,XLY,UNVOLLSTÄNDIG,Baseline erst 0 von 15 Handelstagen,95.11,0.0022128395231251208,0.181811912019534,0.0008909974166924073,0.0013218421064327135,1.3511947243384943,14165.0,7535.0,6630.0,0,False,UNAVAILABLE,UNAVAILABLE,UNAVAILABLE,UNAVAILABLE,1.136500754147813,UNAVAILABLE,UNAVAILABLE,3212.0,3227.0,6439.0,0.4545711260148253,1.0,6514.0,4622.0,0.7095486644151059,überwiegend neu eröffnet,nicht prüfbar,,0.5566472213693583,0.0868897758673626,0.0,UNAVAILABLE,UNAVAILABLE,UNAVAILABLE,UNAVAILABLE,UNAVAILABLE,UNAVAILABLE,UNAVAILABLE,False,False,,
2026-09-22,SCHW,Charles Schwab Corporation,Financials,XLF,UNVOLLSTÄNDIG,Baseline erst 0 von 15 Handelstagen,100.35,-0.06109653275846372,-4.4797849815195185,-0.019678023181621263,-0.041418509576842455,2.2355649608823907,57992.0,19750.0,38242.0,0,False,UNAVAILABLE,UNAVAILABLE,UNAVAILABLE,UNAVAILABLE,0.5164478845248679,UNAVAILABLE,UNAVAILABLE,5905.0,20919.0,26824.0,0.4625465581459512,1.0,22043.0,11029.0,0.5003402440684117,überwiegend neu eröffnet,nicht prüfbar,,0.22610352492854874,0.06913759470126571,0.0,23.0,2026-10-15,UNAVAILABLE,UNAVAILABLE,UNAVAILABLE,UNAVAILABLE,UNAVAILABLE,False,False,,
2026-09-22,SNDK,Sandisk,Information Technology,XLK,UNVOLLSTÄNDIG,Baseline erst 0 von 15 Handelstagen,1887.04,0.06815196324845063,1.4269138960790433,0.007287625619729399,0.06086433762872123,1.0518756812389165,241552.0,155929.0,85623.0,0,False,UNAVAILABLE,UNAVAILABLE,UNAVAILABLE,UNAVAILABLE,1.8211111500414607,UNAVAILABLE,UNAVAILABLE,6684.0,8024.0,14708.0,0.06088958071139962,1.0,62402.0,2966.0,0.04753052786769655,"gemischt, nicht eindeutig",nicht prüfbar,,1.0,0.12587737572513702,0.0,UNAVAILABLE,UNAVAILABLE,UNAVAILABLE,UNAVAILABLE,UNAVAILABLE,UNAVAILABLE,UNAVAILABLE,False,False,,100 % des Top-Volumens verfällt innerhalb von 7 Tagen
2026-09-22,SO,Southern Company,Utilities,XLU,UNVOLLSTÄNDIG,Baseline erst 0 von 15 Handelstagen,85.15,-0.0036274173624344375,-0.5037722969216206,-0.003197241709295806,-0.0004301756531386314,0.7496357439171446,4707.0,4299.0,408.0,0,False,UNAVAILABLE,UNAVAILABLE,UNAVAILABLE,UNAVAILABLE,10.536764705882353,UNAVAILABLE,UNAVAILABLE,4173.0,200.0,4373.0,0.929041852560017,1.0,4005.0,3613.0,0.9021223470661673,überwiegend neu eröffnet,nicht prüfbar,,0.02846441947565543,0.012484394506866416,0.0,UNAVAILABLE,UNAVAILABLE,UNAVAILABLE,UNAVAILABLE,UNAVAILABLE,UNAVAILABLE,UNAVAILABLE,False,False,,
2026-09-22,T,AT&T,Communication Services,XLC,UNVOLLSTÄNDIG,Baseline erst 0 von 15 Handelstagen,25.1,-0.013752485361380629,-0.9152427783738754,-0.010631808278867116,-0.003120677082513512,1.0041574797517696,30352.0,19072.0,11280.0,0,False,UNAVAILABLE,UNAVAILABLE,UNAVAILABLE,UNAVAILABLE,1.6907801418439716,UNAVAILABLE,UNAVAILABLE,8425.0,5510.0,13935.0,0.45911307327358986,1.0,13491.0,5089.0,0.37721443925580017,überwiegend neu eröffnet,nicht prüfbar,,0.31487658438959304,0.0,0.0,29.0,2026-10-21,UNAVAILABLE,UNAVAILABLE,UNAVAILABLE,UNAVAILABLE,UNAVAILABLE,False,False,,
2026-09-22,TMO,Thermo Fisher Scientific,Health Care,XLV,UNVOLLSTÄNDIG,Baseline erst 0 von 15 Handelstagen,658.52,-0.0003643356640765649,-0.023242198144112595,0.005206825168723617,-0.005571160832800182,1.0826905654161347,982.0,579.0,403.0,0,False,UNAVAILABLE,UNAVAILABLE,UNAVAILABLE,UNAVAILABLE,1.4367245657568237,UNAVAILABLE,UNAVAILABLE,-88.0,25.0,-63.0,-0.06415478615071284,1.0,633.0,496.0,0.7835703001579779,überwiegend neu eröffnet,nicht prüfbar,,0.5071090047393365,0.07898894154818326,0.0,29.0,2026-10-21,UNAVAILABLE,UNAVAILABLE,UNAVAILABLE,UNAVAILABLE,UNAVAILABLE,False,False,,
2026-09-22,TMUS,T-Mobile US,Communication Services,XLC,UNVOLLSTÄNDIG,Baseline erst 0 von 15 Handelstagen,162.41,-0.01730504143840883,-0.8271340243587636,-0.010631808278867116,-0.006673233159541714,1.5329499166380676,14684.0,11813.0,2871.0,0,False,UNAVAILABLE,UNAVAILABLE,UNAVAILABLE,UNAVAILABLE,4.114594218042494,UNAVAILABLE,UNAVAILABLE,8586.0,1107.0,9693.0,0.6601062380822664,1.0,9163.0,6971.0,0.7607770380879625,überwiegend neu eröffnet,nicht prüfbar,,0.45858343337334934,0.0,0.0,UNAVAILABLE,UNAVAILABLE,UNAVAILABLE,UNAVAILABLE,UNAVAILABLE,UNAVAILABLE,UNAVAILABLE,False,False,,
2026-09-22,TSLA,Tesla,Consumer Discretionary,XLY,UNVOLLSTÄNDIG,Baseline erst 0 von 15 Handelstagen,378.9,0.009592358977152715,0.32429069093806245,0.0008909974166924073,0.008701361560460308,0.7490526819921669,1502713.0,905936.0,596777.0,0,False,UNAVAILABLE,UNAVAILABLE,UNAVAILABLE,UNAVAILABLE,1.518047779991521,UNAVAILABLE,UNAVAILABLE,95732.0,23926.0,119658.0,0.07962797952769424,1.0,663240.0,45458.0,0.06853929196067789,"gemischt, nicht eindeutig",nicht prüfbar,,1.0,0.17729781074724082,0.0,29.0,2026-10-21,UNAVAILABLE,UNAVAILABLE,UNAVAILABLE,UNAVAILABLE,UNAVAILABLE,False,False,,100 % des Top-Volumens verfällt innerhalb von 7 Tagen
2026-09-22,TXN,Texas Instruments,Information Technology,XLK,UNVOLLSTÄNDIG,Baseline erst 0 von 15 Handelstagen,271.41,0.001993594316634706,0.10732022745392943,0.007287625619729399,-0.005294031303094693,1.3091554225997262,7595.0,4874.0,2721.0,0,False,UNAVAILABLE,UNAVAILABLE,UNAVAILABLE,UNAVAILABLE,1.7912532157295111,UNAVAILABLE,UNAVAILABLE,1129.0,710.0,1839.0,0.24213298222514812,1.0,3367.0,159.0,0.047223047223047224,"gemischt, nicht eindeutig",nicht prüfbar,,0.28215028215028215,0.3552123552123552,0.0,UNAVAILABLE,UNAVAILABLE,UNAVAILABLE,UNAVAILABLE,UNAVAILABLE,UNAVAILABLE,UNAVAILABLE,False,False,,
2026-09-22,UBER,Uber,Industrials,XLI,UNVOLLSTÄNDIG,Baseline erst 0 von 15 Handelstagen,69.89,-0.013410451538695134,-0.7380643656061793,0.001706108246559701,-0.015116559785254835,1.4655098707392369,103893.0,75721.0,28172.0,0,False,UNAVAILABLE,UNAVAILABLE,UNAVAILABLE,UNAVAILABLE,2.68781059207724,UNAVAILABLE,UNAVAILABLE,35373.0,10269.0,45642.0,0.4393173746065664,1.0,44805.0,18473.0,0.4122977346278317,überwiegend neu eröffnet,nicht prüfbar,,0.7909608302644794,0.0,0.0,UNAVAILABLE,UNAVAILABLE,UNAVAILABLE,UNAVAILABLE,UNAVAILABLE,UNAVAILABLE,UNAVAILABLE,False,False,,79 % des Top-Volumens verfällt innerhalb von 7 Tagen
2026-09-22,UNH,UnitedHealth Group,Health Care,XLV,UNVOLLSTÄNDIG,Baseline erst 0 von 15 Handelstagen,372.95,-0.01220997348342856,-0.9200076260451849,0.005206825168723617,-0.017416798652152177,0.954789813048103,33887.0,18321.0,15566.0,0,False,UNAVAILABLE,UNAVAILABLE,UNAVAILABLE,UNAVAILABLE,1.1769883078504433,UNAVAILABLE,UNAVAILABLE,5658.0,5152.0,10810.0,0.31900138696255204,1.0,11091.0,2997.0,0.27021909656478227,"gemischt, nicht eindeutig",nicht prüfbar,,0.7425840771796952,0.0,0.0,21.0,2026-10-13,UNAVAILABLE,UNAVAILABLE,UNAVAILABLE,UNAVAILABLE,UNAVAILABLE,False,False,,74 % des Top-Volumens verfällt innerhalb von 7 Tagen
2026-09-22,UNP,Union Pacific Corporation,Industrials,XLI,UNVOLLSTÄNDIG,Baseline erst 0 von 15 Handelstagen,274.41,0.01772797919602831,1.5483499520460322,0.001706108246559701,0.01602187094946861,1.4958348149080147,3877.0,2126.0,1751.0,0,False,UNAVAILABLE,UNAVAILABLE,UNAVAILABLE,UNAVAILABLE,1.2141633352370074,UNAVAILABLE,UNAVAILABLE,1794.0,1281.0,3075.0,0.7931390250193449,1.0,2898.0,2569.0,0.8864734299516909,überwiegend neu eröffnet,nicht prüfbar,,0.0,0.0,0.0,30.0,2026-10-22,UNAVAILABLE,UNAVAILABLE,UNAVAILABLE,UNAVAILABLE,UNAVAILABLE,False,False,,
2026-09-22,UPS,United Parcel Service,Industrials,XLI,UNVOLLSTÄNDIG,Baseline erst 0 von 15 Handelstagen,95.87,0.011820580474934061,0.7048275888641766,0.001706108246559701,0.01011447222837436,0.9211308919339896,20446.0,11669.0,8777.0,0,False,UNAVAILABLE,UNAVAILABLE,UNAVAILABLE,UNAVAILABLE,1.3294975504158597,UNAVAILABLE,UNAVAILABLE,8022.0,6684.0,14706.0,0.719260491049594,1.0,13145.0,10016.0,0.7619627234689996,überwiegend neu eröffnet,nicht prüfbar,,0.02480030429821225,0.039863065804488396,0.0,UNAVAILABLE,UNAVAILABLE,UNAVAILABLE,UNAVAILABLE,UNAVAILABLE,UNAVAILABLE,UNAVAILABLE,False,False,,
2026-09-22,USB,U.S. Bancorp,Financials,XLF,UNVOLLSTÄNDIG,Baseline erst 0 von 15 Handelstagen,59.44,-0.016545311870127533,-1.2717451438871794,-0.019678023181621263,0.00313271131149373,1.370031774371031,14584.0,10085.0,4499.0,0,False,UNAVAILABLE,UNAVAILABLE,UNAVAILABLE,UNAVAILABLE,2.241609246499222,UNAVAILABLE,UNAVAILABLE,5465.0,-5603.0,-138.0,-0.009462424574876577,1.0,11263.0,6521.0,0.5789754061972832,überwiegend neu eröffnet,nicht prüfbar,,0.18653999822427417,0.0,0.0,23.0,2026-10-15,8.0,2026-09-30,UNAVAILABLE,UNAVAILABLE,UNAVAILABLE,False,False,,
2026-09-22,V,Visa Inc.,Financials,XLF,UNVOLLSTÄNDIG,Baseline erst 0 von 15 Handelstagen,362.04,-0.021381300029812422,-1.8481534806725763,-0.019678023181621263,-0.0017032768481911598,1.321927569124511,24469.0,13851.0,10618.0,0,False,UNAVAILABLE,UNAVAILABLE,UNAVAILABLE,UNAVAILABLE,1.3044829534752307,UNAVAILABLE,UNAVAILABLE,3421.0,3189.0,6610.0,0.2701377252850546,1.0,6803.0,1540.0,0.22637071880052917,"gemischt, nicht eindeutig",nicht prüfbar,,0.5698956342789946,0.0,0.0,UNAVAILABLE,UNAVAILABLE,UNAVAILABLE,UNAVAILABLE,UNAVAILABLE,UNAVAILABLE,UNAVAILABLE,False,False,,
2026-09-22,VZ,Verizon,Communication Services,XLC,UNVOLLSTÄNDIG,Baseline erst 0 von 15 Handelstagen,46.45,-0.025796986101156993,-1.9539646948896696,-0.010631808278867116,-0.015165177822289877,1.7377501758700122,56849.0,31725.0,25124.0,0,False,UNAVAILABLE,UNAVAILABLE,UNAVAILABLE,UNAVAILABLE,1.2627368253462825,UNAVAILABLE,UNAVAILABLE,8994.0,8798.0,17792.0,0.3129694453728298,1.0,21679.0,8233.0,0.3797684395036671,überwiegend neu eröffnet,nicht prüfbar,,0.5026523363623784,0.0913326260436367,0.0,28.0,2026-10-20,17.0,2026-10-09,UNAVAILABLE,UNAVAILABLE,UNAVAILABLE,False,False,,
2026-09-22,WFC,Wells Fargo,Financials,XLF,UNVOLLSTÄNDIG,Baseline erst 0 von 15 Handelstagen,83.15,-0.0391726470957211,-2.8066676099590735,-0.019678023181621263,-0.01949462391409984,1.2102313801497362,76920.0,25214.0,51706.0,0,False,UNAVAILABLE,UNAVAILABLE,UNAVAILABLE,UNAVAILABLE,0.4876416663443314,UNAVAILABLE,UNAVAILABLE,31347.0,22635.0,53982.0,0.7017940717628706,1.0,42705.0,33857.0,0.7928111462358037,überwiegend neu eröffnet,nicht prüfbar,,0.258002575810795,0.0,0.0,21.0,2026-10-13,UNAVAILABLE,UNAVAILABLE,UNAVAILABLE,UNAVAILABLE,UNAVAILABLE,False,False,,
2026-09-22,WMT,Walmart,Consumer Staples,XLP,UNVOLLSTÄNDIG,Baseline erst 0 von 15 Handelstagen,110.12,0.02494413158688591,1.9894636698221628,0.009887717885249447,0.015056413701636462,0.7461183735576802,138135.0,108843.0,29292.0,0,False,UNAVAILABLE,UNAVAILABLE,UNAVAILABLE,UNAVAILABLE,3.7157927079065955,UNAVAILABLE,UNAVAILABLE,16361.0,11346.0,27707.0,0.20057914359141418,1.0,74145.0,8674.0,0.11698698496189898,"gemischt, nicht eindeutig",nicht prüfbar,,0.7625598489446355,0.5773147211544946,0.0,UNAVAILABLE,UNAVAILABLE,UNAVAILABLE,UNAVAILABLE,UNAVAILABLE,UNAVAILABLE,UNAVAILABLE,False,False,,76 % des Top-Volumens verfällt innerhalb von 7 Tagen
2026-09-22,XOM,ExxonMobil,Energy,XLE,UNVOLLSTÄNDIG,Baseline erst 0 von 15 Handelstagen,158.71,0.0025899996231089073,0.14573791319092416,-0.010886953161062363,0.01347695278417127,0.9693298561359344,40158.0,24771.0,15387.0,0,False,UNAVAILABLE,UNAVAILABLE,UNAVAILABLE,UNAVAILABLE,1.609865470852018,UNAVAILABLE,UNAVAILABLE,5448.0,3599.0,9047.0,0.22528512376114349,1.0,17959.0,4333.0,0.2412717857341723,"gemischt, nicht eindeutig",nicht prüfbar,,0.8121833064201793,0.0,0.0,UNAVAILABLE,UNAVAILABLE,UNAVAILABLE,UNAVAILABLE,UNAVAILABLE,UNAVAILABLE,UNAVAILABLE,False,False,,81 % des Top-Volumens verfällt innerhalb von 7 Tagen
