session,symbol,yahoo_symbol,name,sector,sector_etf,price_status,price_reason,open,high,low,close,prev_close,return_1d,stock_volume,avg_stock_volume_30d,rel_stock_volume_30d,price_source,price_fetched_at,options_status,options_reason,call_volume,put_volume,total_option_volume,volume_expiring_today,call_oi_start,put_oi_start,n_expiries,n_expiries_failed,n_contracts_stale_volume,options_last_trade_et,max_expiry_days,options_source,options_fetched_at,calendar_status,earnings_dates,ex_dividend_date,dividend_date,calendar_source,calendar_fetched_at,structural_events
2026-09-23,AAPL,AAPL,Apple Inc.,Information Technology,XLK,OK,,341.07501220703125,341.79998779296875,335.6099853515625,337.0199890136719,339.75,-0.008035352424806796,31482942,42538263.333333336,0.7401087757931506,"Yahoo Finance via yfinance 1.7.0 (inoffizielle Schnittstelle, Daten verzögert)",2026-09-23T23:56:17Z,OK,,685531.0,429305.0,1114836.0,693911.0,1947365.0,1379645.0,14,0,480,2026-09-23T15:59:59-04:00,120,"Yahoo Finance via yfinance 1.7.0 (inoffizielle Schnittstelle, Daten verzögert)",2026-09-23T23:56:17Z,OK,2026-10-29,2026-08-10,2026-08-13,"Yahoo Finance via yfinance 1.7.0 (inoffizielle Schnittstelle, Daten verzögert)",2026-09-23T23:56:24Z,2026-10-16 Monatlicher Optionsverfall
2026-09-23,ABBV,ABBV,AbbVie,Health Care,XLV,OK,,266.0,269.3900146484375,263.5885009765625,265.0799865722656,264.4800109863281,0.0022685101369286365,3445541,4383026.666666667,0.7861099787969956,"Yahoo Finance via yfinance 1.7.0 (inoffizielle Schnittstelle, Daten verzögert)",2026-09-23T23:56:24Z,OK,,5197.0,2234.0,7431.0,0.0,110182.0,74080.0,9,0,251,2026-09-23T15:59:47-04:00,120,"Yahoo Finance via yfinance 1.7.0 (inoffizielle Schnittstelle, Daten verzögert)",2026-09-23T23:56:25Z,OK,2026-10-29,2026-10-15,2026-11-16,"Yahoo Finance via yfinance 1.7.0 (inoffizielle Schnittstelle, Daten verzögert)",2026-09-23T23:56:29Z,2026-10-16 Monatlicher Optionsverfall
2026-09-23,ABT,ABT,Abbott Laboratories,Health Care,XLV,OK,,104.22000122070312,104.30999755859375,102.66000366210938,103.48999786376953,102.9800033569336,0.004952364441747736,12183758,8148973.333333333,1.4951279752214186,"Yahoo Finance via yfinance 1.7.0 (inoffizielle Schnittstelle, Daten verzögert)",2026-09-23T23:56:29Z,OK,,7961.0,3520.0,11481.0,0.0,92669.0,51539.0,9,0,289,2026-09-23T15:56:27-04:00,120,"Yahoo Finance via yfinance 1.7.0 (inoffizielle Schnittstelle, Daten verzögert)",2026-09-23T23:56:30Z,OK,2026-10-14,2026-10-15,2026-11-16,"Yahoo Finance via yfinance 1.7.0 (inoffizielle Schnittstelle, Daten verzögert)",2026-09-23T23:56:34Z,2026-10-16 Monatlicher Optionsverfall
2026-09-23,ACN,ACN,Accenture,Information Technology,XLK,OK,,185.5,188.27499389648438,182.59669494628906,183.52000427246094,186.11000061035156,-0.013916481271273318,4009260,5165046.666666667,0.7762291918627389,"Yahoo Finance via yfinance 1.7.0 (inoffizielle Schnittstelle, Daten verzögert)",2026-09-23T23:56:35Z,OK,,2634.0,3869.0,6503.0,0.0,83131.0,71357.0,9,0,376,2026-09-23T15:59:22-04:00,120,"Yahoo Finance via yfinance 1.7.0 (inoffizielle Schnittstelle, Daten verzögert)",2026-09-23T23:56:35Z,OK,2026-10-01,2026-07-09,2026-08-14,"Yahoo Finance via yfinance 1.7.0 (inoffizielle Schnittstelle, Daten verzögert)",2026-09-23T23:56:40Z,2026-10-16 Monatlicher Optionsverfall
2026-09-23,ADBE,ADBE,Adobe Inc.,Information Technology,XLK,OK,,239.42999267578125,241.74000549316406,237.50999450683594,240.69000244140625,238.25,0.010241353374212947,3852338,5202820.0,0.7404326884266609,"Yahoo Finance via yfinance 1.7.0 (inoffizielle Schnittstelle, Daten verzögert)",2026-09-23T23:56:40Z,OK,,17722.0,12632.0,30354.0,0.0,253879.0,182217.0,9,0,547,2026-09-23T15:59:53-04:00,120,"Yahoo Finance via yfinance 1.7.0 (inoffizielle Schnittstelle, Daten verzögert)",2026-09-23T23:56:41Z,OK,2026-12-09,2005-03-24,UNAVAILABLE,"Yahoo Finance via yfinance 1.7.0 (inoffizielle Schnittstelle, Daten verzögert)",2026-09-23T23:56:45Z,2026-10-16 Monatlicher Optionsverfall
2026-09-23,AMAT,AMAT,Applied Materials,Information Technology,XLK,OK,,472.0,474.8999938964844,461.0,474.3800048828125,472.4599914550781,0.004063864586334898,4582892,7230686.666666667,0.6338114499037897,"Yahoo Finance via yfinance 1.7.0 (inoffizielle Schnittstelle, Daten verzögert)",2026-09-23T23:56:45Z,OK,,19188.0,17643.0,36831.0,0.0,149725.0,178121.0,9,0,646,2026-09-23T15:59:58-04:00,120,"Yahoo Finance via yfinance 1.7.0 (inoffizielle Schnittstelle, Daten verzögert)",2026-09-23T23:56:46Z,OK,2026-11-12,2026-11-19,2026-12-10,"Yahoo Finance via yfinance 1.7.0 (inoffizielle Schnittstelle, Daten verzögert)",2026-09-23T23:56:50Z,2026-10-16 Monatlicher Optionsverfall
2026-09-23,AMD,AMD,Advanced Micro Devices,Information Technology,XLK,OK,,622.1500244140625,624.6898803710938,608.0900268554688,614.6099853515625,623.77001953125,-0.014684954218497137,16270327,20439220.0,0.7960346334155609,"Yahoo Finance via yfinance 1.7.0 (inoffizielle Schnittstelle, Daten verzögert)",2026-09-23T23:56:51Z,OK,,271374.0,322338.0,593712.0,290454.0,883938.0,992106.0,13,0,777,2026-09-23T15:59:59-04:00,120,"Yahoo Finance via yfinance 1.7.0 (inoffizielle Schnittstelle, Daten verzögert)",2026-09-23T23:56:51Z,OK,2026-11-03,1995-04-27,UNAVAILABLE,"Yahoo Finance via yfinance 1.7.0 (inoffizielle Schnittstelle, Daten verzögert)",2026-09-23T23:56:58Z,2026-10-16 Monatlicher Optionsverfall
2026-09-23,AMGN,AMGN,Amgen,Health Care,XLV,OK,,410.0,415.760009765625,404.3399963378906,406.0899963378906,393.1600036621094,0.03288735516162422,2809317,2752160.0,1.0207680512760886,"Yahoo Finance via yfinance 1.7.0 (inoffizielle Schnittstelle, Daten verzögert)",2026-09-23T23:56:59Z,OK,,3220.0,2305.0,5525.0,0.0,47922.0,58436.0,9,0,442,2026-09-23T15:59:41-04:00,120,"Yahoo Finance via yfinance 1.7.0 (inoffizielle Schnittstelle, Daten verzögert)",2026-09-23T23:56:59Z,OK,2026-11-03,2026-08-21,2026-09-11,"Yahoo Finance via yfinance 1.7.0 (inoffizielle Schnittstelle, Daten verzögert)",2026-09-23T23:57:03Z,2026-10-16 Monatlicher Optionsverfall
2026-09-23,AMT,AMT,American Tower,Real Estate,XLRE,OK,,174.57000732421875,175.96949768066406,170.48500061035156,170.77999877929688,174.60000610351562,-0.021878620794285486,2377896,2128396.6666666665,1.1172240763391537,"Yahoo Finance via yfinance 1.7.0 (inoffizielle Schnittstelle, Daten verzögert)",2026-09-23T23:57:04Z,OK,,267.0,1231.0,1498.0,0.0,18990.0,14588.0,4,0,117,2026-09-23T15:57:22-04:00,120,"Yahoo Finance via yfinance 1.7.0 (inoffizielle Schnittstelle, Daten verzögert)",2026-09-23T23:57:04Z,OK,2026-10-27,2026-09-30,2026-10-20,"Yahoo Finance via yfinance 1.7.0 (inoffizielle Schnittstelle, Daten verzögert)",2026-09-23T23:57:06Z,2026-10-16 Monatlicher Optionsverfall
2026-09-23,AMZN,AMZN,Amazon,Consumer Discretionary,XLY,OK,,253.3300018310547,253.80999755859375,247.75999450683594,249.27000427246094,254.97999572753906,-0.022393880111205244,43691413,33490303.333333332,1.3045989033044492,"Yahoo Finance via yfinance 1.7.0 (inoffizielle Schnittstelle, Daten verzögert)",2026-09-23T23:57:07Z,OK,,616194.0,313101.0,929295.0,345466.0,1788327.0,1081499.0,13,0,270,2026-09-23T15:59:58-04:00,120,"Yahoo Finance via yfinance 1.7.0 (inoffizielle Schnittstelle, Daten verzögert)",2026-09-23T23:57:07Z,OK,2026-10-29,UNAVAILABLE,UNAVAILABLE,"Yahoo Finance via yfinance 1.7.0 (inoffizielle Schnittstelle, Daten verzögert)",2026-09-23T23:57:13Z,2026-10-16 Monatlicher Optionsverfall
2026-09-23,ANET,ANET,Arista Networks,Information Technology,XLK,OK,,205.4550018310547,206.47999572753906,200.75,203.47000122070312,205.4199981689453,-0.00949273179643606,3960650,5598603.333333333,0.7074353663205288,"Yahoo Finance via yfinance 1.7.0 (inoffizielle Schnittstelle, Daten verzögert)",2026-09-23T23:57:14Z,OK,,7291.0,4181.0,11472.0,0.0,121709.0,98686.0,9,0,330,2026-09-23T15:59:42-04:00,120,"Yahoo Finance via yfinance 1.7.0 (inoffizielle Schnittstelle, Daten verzögert)",2026-09-23T23:57:14Z,OK,2026-11-03,UNAVAILABLE,UNAVAILABLE,"Yahoo Finance via yfinance 1.7.0 (inoffizielle Schnittstelle, Daten verzögert)",2026-09-23T23:57:18Z,2026-10-16 Monatlicher Optionsverfall
2026-09-23,AVGO,AVGO,Broadcom,Information Technology,XLK,OK,,362.20001220703125,362.8999938964844,354.010009765625,354.989990234375,364.5400085449219,-0.026197449077444812,22438949,25097410.0,0.894074288940572,"Yahoo Finance via yfinance 1.7.0 (inoffizielle Schnittstelle, Daten verzögert)",2026-09-23T23:57:19Z,OK,,225202.0,121329.0,346531.0,125685.0,735443.0,619259.0,13,0,618,2026-09-23T15:59:59-04:00,120,"Yahoo Finance via yfinance 1.7.0 (inoffizielle Schnittstelle, Daten verzögert)",2026-09-23T23:57:19Z,OK,2026-12-09,2026-09-21,2026-09-30,"Yahoo Finance via yfinance 1.7.0 (inoffizielle Schnittstelle, Daten verzögert)",2026-09-23T23:57:25Z,2026-10-16 Monatlicher Optionsverfall
2026-09-23,AXP,AXP,American Express,Financials,XLF,OK,,304.8999938964844,305.6700134277344,301.2900085449219,301.9599914550781,313.5899963378906,-0.03708665779721254,3520239,2573133.3333333335,1.3680748503769722,"Yahoo Finance via yfinance 1.7.0 (inoffizielle Schnittstelle, Daten verzögert)",2026-09-23T23:57:26Z,OK,,14769.0,6044.0,20813.0,0.0,115474.0,63294.0,9,0,306,2026-09-23T15:59:40-04:00,120,"Yahoo Finance via yfinance 1.7.0 (inoffizielle Schnittstelle, Daten verzögert)",2026-09-23T23:57:26Z,OK,2026-10-23,2026-07-02,2026-08-10,"Yahoo Finance via yfinance 1.7.0 (inoffizielle Schnittstelle, Daten verzögert)",2026-09-23T23:57:31Z,2026-10-16 Monatlicher Optionsverfall
2026-09-23,BA,BA,Boeing,Industrials,XLI,OK,,197.97500610351562,204.06500244140625,198.2053985595703,199.92999267578125,197.72000122070312,0.011177379331549053,9994448,5583043.333333333,1.7901433686406398,"Yahoo Finance via yfinance 1.7.0 (inoffizielle Schnittstelle, Daten verzögert)",2026-09-23T23:57:31Z,OK,,72853.0,23725.0,96578.0,0.0,327398.0,271723.0,9,0,290,2026-09-23T15:59:58-04:00,120,"Yahoo Finance via yfinance 1.7.0 (inoffizielle Schnittstelle, Daten verzögert)",2026-09-23T23:57:32Z,OK,2026-10-28,2020-02-13,2020-03-06,"Yahoo Finance via yfinance 1.7.0 (inoffizielle Schnittstelle, Daten verzögert)",2026-09-23T23:57:36Z,2026-10-16 Monatlicher Optionsverfall
2026-09-23,BAC,BAC,Bank of America,Financials,XLF,OK,,55.91999816894531,56.474998474121094,55.73500061035156,56.0,56.20000076293945,-0.0035587323883337074,36201887,33723496.666666664,1.0734914993492668,"Yahoo Finance via yfinance 1.7.0 (inoffizielle Schnittstelle, Daten verzögert)",2026-09-23T23:57:36Z,OK,,56387.0,41818.0,98205.0,0.0,672396.0,771598.0,9,0,229,2026-09-23T15:59:58-04:00,120,"Yahoo Finance via yfinance 1.7.0 (inoffizielle Schnittstelle, Daten verzögert)",2026-09-23T23:57:37Z,OK,2026-10-14,2026-09-04,2026-09-25,"Yahoo Finance via yfinance 1.7.0 (inoffizielle Schnittstelle, Daten verzögert)",2026-09-23T23:57:41Z,2026-10-16 Monatlicher Optionsverfall
2026-09-23,BKNG,BKNG,Booking Holdings,Consumer Discretionary,XLY,OK,,161.91000366210938,162.24000549316406,155.36500549316406,155.89999389648438,164.22000122070312,-0.05066378798181281,13792790,6579383.333333333,2.096365160868673,"Yahoo Finance via yfinance 1.7.0 (inoffizielle Schnittstelle, Daten verzögert)",2026-09-23T23:57:42Z,OK,,11479.0,10593.0,22072.0,0.0,198422.0,194895.0,9,0,941,2026-09-23T15:59:47-04:00,120,"Yahoo Finance via yfinance 1.7.0 (inoffizielle Schnittstelle, Daten verzögert)",2026-09-23T23:57:42Z,OK,2026-10-27,2026-09-11,2026-09-30,"Yahoo Finance via yfinance 1.7.0 (inoffizielle Schnittstelle, Daten verzögert)",2026-09-23T23:57:47Z,2026-10-16 Monatlicher Optionsverfall
2026-09-23,BLK,BLK,BlackRock,Financials,XLF,OK,,1055.93994140625,1073.35498046875,1056.3199462890625,1060.8900146484375,1090.27001953125,-0.026947457378901585,460691,556946.6666666666,0.8271725599099855,"Yahoo Finance via yfinance 1.7.0 (inoffizielle Schnittstelle, Daten verzögert)",2026-09-23T23:57:47Z,OK,,299.0,306.0,605.0,0.0,15997.0,10795.0,9,0,588,2026-09-23T15:58:18-04:00,120,"Yahoo Finance via yfinance 1.7.0 (inoffizielle Schnittstelle, Daten verzögert)",2026-09-23T23:57:47Z,OK,2026-10-14,2026-09-08,2026-09-22,"Yahoo Finance via yfinance 1.7.0 (inoffizielle Schnittstelle, Daten verzögert)",2026-09-23T23:57:52Z,2026-10-16 Monatlicher Optionsverfall
2026-09-23,BMY,BMY,Bristol Myers Squibb,Health Care,XLV,OK,,62.310001373291016,62.650001525878906,61.07500076293945,61.150001525878906,62.619998931884766,-0.023474887114017018,14450832,9147770.0,1.5797109022198852,"Yahoo Finance via yfinance 1.7.0 (inoffizielle Schnittstelle, Daten verzögert)",2026-09-23T23:57:52Z,OK,,10614.0,4246.0,14860.0,0.0,225911.0,230845.0,9,0,148,2026-09-23T15:59:52-04:00,120,"Yahoo Finance via yfinance 1.7.0 (inoffizielle Schnittstelle, Daten verzögert)",2026-09-23T23:57:53Z,OK,2026-10-29,2026-10-02,2026-11-02,"Yahoo Finance via yfinance 1.7.0 (inoffizielle Schnittstelle, Daten verzögert)",2026-09-23T23:57:57Z,2026-10-16 Monatlicher Optionsverfall
2026-09-23,BNY,BNY,BNY Mellon,Financials,XLF,OK,,149.50999450683594,152.24000549316406,149.2100067138672,149.50999450683594,153.88999938964844,-0.028461920203939672,3785973,2981806.6666666665,1.2696909703513084,"Yahoo Finance via yfinance 1.7.0 (inoffizielle Schnittstelle, Daten verzögert)",2026-09-23T23:57:57Z,OK,,450.0,208.0,658.0,0.0,22985.0,46262.0,4,0,103,2026-09-23T15:59:13-04:00,120,"Yahoo Finance via yfinance 1.7.0 (inoffizielle Schnittstelle, Daten verzögert)",2026-09-23T23:57:58Z,OK,2026-10-15,2026-07-27,2026-08-07,"Yahoo Finance via yfinance 1.7.0 (inoffizielle Schnittstelle, Daten verzögert)",2026-09-23T23:58:00Z,2026-10-16 Monatlicher Optionsverfall
2026-09-23,BRK.B,BRK-B,Berkshire Hathaway (Class B),Financials,XLF,OK,,503.8599853515625,511.2799987792969,503.0,507.1700134277344,502.010009765625,0.01027868680251709,5358076,4532136.666666667,1.1822406061600084,"Yahoo Finance via yfinance 1.7.0 (inoffizielle Schnittstelle, Daten verzögert)",2026-09-23T23:58:00Z,OK,,15234.0,7299.0,22533.0,0.0,193506.0,129278.0,9,0,429,2026-09-23T15:59:49-04:00,120,"Yahoo Finance via yfinance 1.7.0 (inoffizielle Schnittstelle, Daten verzögert)",2026-09-23T23:58:01Z,OK,2026-11-07,UNAVAILABLE,UNAVAILABLE,"Yahoo Finance via yfinance 1.7.0 (inoffizielle Schnittstelle, Daten verzögert)",2026-09-23T23:58:05Z,2026-10-16 Monatlicher Optionsverfall
2026-09-23,C,C,Citigroup,Financials,XLF,OK,,131.1999969482422,133.58999633789062,131.1999969482422,131.92999267578125,135.0500030517578,-0.02310263091797804,8636104,9008703.333333334,0.9586400706575974,"Yahoo Finance via yfinance 1.7.0 (inoffizielle Schnittstelle, Daten verzögert)",2026-09-23T23:58:06Z,OK,,10860.0,9900.0,20760.0,0.0,254039.0,405209.0,9,0,345,2026-09-23T15:59:45-04:00,120,"Yahoo Finance via yfinance 1.7.0 (inoffizielle Schnittstelle, Daten verzögert)",2026-09-23T23:58:06Z,OK,2026-10-13,2026-08-03,2026-08-28,"Yahoo Finance via yfinance 1.7.0 (inoffizielle Schnittstelle, Daten verzögert)",2026-09-23T23:58:10Z,2026-10-16 Monatlicher Optionsverfall
2026-09-23,CAT,CAT,Caterpillar Inc.,Industrials,XLI,OK,,803.969970703125,816.760009765625,798.530029296875,812.02001953125,816.5,-0.005486810127066755,2711623,2436730.0,1.1128122524859134,"Yahoo Finance via yfinance 1.7.0 (inoffizielle Schnittstelle, Daten verzögert)",2026-09-23T23:58:11Z,OK,,4976.0,5216.0,10192.0,0.0,74609.0,79170.0,9,0,923,2026-09-23T15:59:36-04:00,120,"Yahoo Finance via yfinance 1.7.0 (inoffizielle Schnittstelle, Daten verzögert)",2026-09-23T23:58:11Z,OK,2026-10-29,2026-07-20,2026-08-19,"Yahoo Finance via yfinance 1.7.0 (inoffizielle Schnittstelle, Daten verzögert)",2026-09-23T23:58:16Z,2026-10-16 Monatlicher Optionsverfall
2026-09-23,CMCSA,CMCSA,Comcast,Communication Services,XLC,OK,,22.3700008392334,22.8700008392334,22.03499984741211,22.549999237060547,22.420000076293945,0.005798356838725427,37643127,25541323.333333332,1.4738127116096962,"Yahoo Finance via yfinance 1.7.0 (inoffizielle Schnittstelle, Daten verzögert)",2026-09-23T23:58:16Z,OK,,32669.0,13522.0,46191.0,0.0,401429.0,149604.0,9,0,149,2026-09-23T15:59:39-04:00,120,"Yahoo Finance via yfinance 1.7.0 (inoffizielle Schnittstelle, Daten verzögert)",2026-09-23T23:58:17Z,OK,2026-10-22,2026-10-07,2026-10-28,"Yahoo Finance via yfinance 1.7.0 (inoffizielle Schnittstelle, Daten verzögert)",2026-09-23T23:58:21Z,2026-10-16 Monatlicher Optionsverfall
2026-09-23,COF,COF,Capital One,Financials,XLF,OK,,199.11000061035156,199.80999755859375,195.83999633789062,196.10000610351562,204.9199981689453,-0.04304114846886775,4920255,3240443.3333333335,1.5183894590554996,"Yahoo Finance via yfinance 1.7.0 (inoffizielle Schnittstelle, Daten verzögert)",2026-09-23T23:58:21Z,OK,,4988.0,3740.0,8728.0,0.0,38622.0,37770.0,9,0,195,2026-09-23T15:59:32-04:00,120,"Yahoo Finance via yfinance 1.7.0 (inoffizielle Schnittstelle, Daten verzögert)",2026-09-23T23:58:22Z,OK,2026-10-20,2026-08-17,2026-09-01,"Yahoo Finance via yfinance 1.7.0 (inoffizielle Schnittstelle, Daten verzögert)",2026-09-23T23:58:26Z,2026-10-16 Monatlicher Optionsverfall
2026-09-23,COP,COP,ConocoPhillips,Energy,XLE,OK,,126.19999694824219,129.05999755859375,125.875,128.08999633789062,127.52999877929688,0.004391104555429903,5059338,6915010.0,0.7316457966076694,"Yahoo Finance via yfinance 1.7.0 (inoffizielle Schnittstelle, Daten verzögert)",2026-09-23T23:58:27Z,OK,,3596.0,3850.0,7446.0,0.0,130618.0,87762.0,9,0,300,2026-09-23T15:58:13-04:00,120,"Yahoo Finance via yfinance 1.7.0 (inoffizielle Schnittstelle, Daten verzögert)",2026-09-23T23:58:27Z,OK,2026-11-05,2026-08-17,2026-09-01,"Yahoo Finance via yfinance 1.7.0 (inoffizielle Schnittstelle, Daten verzögert)",2026-09-23T23:58:31Z,2026-10-16 Monatlicher Optionsverfall
2026-09-23,COST,COST,Costco,Consumer Staples,XLP,OK,,901.3099975585938,905.5900268554688,893.3599853515625,904.7000122070312,898.47998046875,0.0069228384310089375,2278732,1946116.6666666667,1.1709123296821875,"Yahoo Finance via yfinance 1.7.0 (inoffizielle Schnittstelle, Daten verzögert)",2026-09-23T23:58:32Z,OK,,16249.0,13340.0,29589.0,0.0,102839.0,110833.0,9,0,629,2026-09-23T15:59:57-04:00,120,"Yahoo Finance via yfinance 1.7.0 (inoffizielle Schnittstelle, Daten verzögert)",2026-09-23T23:58:32Z,OK,2026-09-24,2026-07-24,2026-08-07,"Yahoo Finance via yfinance 1.7.0 (inoffizielle Schnittstelle, Daten verzögert)",2026-09-23T23:58:37Z,2026-10-16 Monatlicher Optionsverfall
2026-09-23,CRM,CRM,Salesforce,Information Technology,XLK,OK,,234.4149932861328,241.1199951171875,234.24000549316406,237.5800018310547,236.4199981689453,0.004906537818684997,11560689,15383283.333333334,0.7515098532281254,"Yahoo Finance via yfinance 1.7.0 (inoffizielle Schnittstelle, Daten verzögert)",2026-09-23T23:58:37Z,OK,,39710.0,13116.0,52826.0,0.0,243615.0,237447.0,9,0,378,2026-09-23T15:59:52-04:00,120,"Yahoo Finance via yfinance 1.7.0 (inoffizielle Schnittstelle, Daten verzögert)",2026-09-23T23:58:38Z,OK,2026-12-02,2026-09-17,2026-10-08,"Yahoo Finance via yfinance 1.7.0 (inoffizielle Schnittstelle, Daten verzögert)",2026-09-23T23:58:42Z,2026-10-16 Monatlicher Optionsverfall
2026-09-23,CSCO,CSCO,Cisco,Information Technology,XLK,OK,,106.06999969482422,106.87000274658203,105.91000366210938,106.43000030517578,106.44000244140625,-9.396971064501436e-05,17596027,19221323.333333332,0.9154430574238992,"Yahoo Finance via yfinance 1.7.0 (inoffizielle Schnittstelle, Daten verzögert)",2026-09-23T23:58:42Z,OK,,21700.0,11272.0,32972.0,0.0,327726.0,261693.0,9,0,291,2026-09-23T15:59:57-04:00,120,"Yahoo Finance via yfinance 1.7.0 (inoffizielle Schnittstelle, Daten verzögert)",2026-09-23T23:58:43Z,OK,2026-11-12,2026-10-02,2026-10-21,"Yahoo Finance via yfinance 1.7.0 (inoffizielle Schnittstelle, Daten verzögert)",2026-09-23T23:58:47Z,2026-10-16 Monatlicher Optionsverfall
2026-09-23,CVS,CVS,CVS Health,Health Care,XLV,OK,,86.69999694824219,86.9800033569336,85.66999816894531,85.86000061035156,87.5999984741211,-0.019862989658425256,7225910,6945353.333333333,1.0403948731190062,"Yahoo Finance via yfinance 1.7.0 (inoffizielle Schnittstelle, Daten verzögert)",2026-09-23T23:58:48Z,OK,,6315.0,6428.0,12743.0,0.0,116701.0,117983.0,9,0,251,2026-09-23T15:59:57-04:00,120,"Yahoo Finance via yfinance 1.7.0 (inoffizielle Schnittstelle, Daten verzögert)",2026-09-23T23:58:48Z,OK,2026-10-28,2026-07-23,2026-08-03,"Yahoo Finance via yfinance 1.7.0 (inoffizielle Schnittstelle, Daten verzögert)",2026-09-23T23:58:52Z,2026-10-16 Monatlicher Optionsverfall
2026-09-23,CVX,CVX,Chevron Corporation,Energy,XLE,OK,,204.4600067138672,207.0,203.47999572753906,205.50999450683594,203.6699981689453,0.009034204126443512,8247575,9275413.333333334,0.8891867891601596,"Yahoo Finance via yfinance 1.7.0 (inoffizielle Schnittstelle, Daten verzögert)",2026-09-23T23:58:53Z,OK,,14580.0,11942.0,26522.0,0.0,231473.0,148313.0,9,0,214,2026-09-23T15:59:58-04:00,120,"Yahoo Finance via yfinance 1.7.0 (inoffizielle Schnittstelle, Daten verzögert)",2026-09-23T23:58:53Z,OK,2026-10-30,2026-08-19,2026-09-10,"Yahoo Finance via yfinance 1.7.0 (inoffizielle Schnittstelle, Daten verzögert)",2026-09-23T23:58:58Z,2026-10-16 Monatlicher Optionsverfall
2026-09-23,DE,DE,Deere & Company,Industrials,XLI,OK,,702.0499877929688,721.10498046875,701.7150268554688,709.47998046875,684.72998046875,0.036145635076554994,1620365,1312636.6666666667,1.234435271501888,"Yahoo Finance via yfinance 1.7.0 (inoffizielle Schnittstelle, Daten verzögert)",2026-09-23T23:58:58Z,OK,,3116.0,1768.0,4884.0,0.0,18771.0,19784.0,9,0,312,2026-09-23T15:59:02-04:00,120,"Yahoo Finance via yfinance 1.7.0 (inoffizielle Schnittstelle, Daten verzögert)",2026-09-23T23:58:59Z,OK,2026-11-25,2026-09-30,2026-11-09,"Yahoo Finance via yfinance 1.7.0 (inoffizielle Schnittstelle, Daten verzögert)",2026-09-23T23:59:03Z,2026-10-16 Monatlicher Optionsverfall
2026-09-23,DELL,DELL,Dell Technologies,Information Technology,XLK,OK,,559.0,570.719970703125,542.2302856445312,549.8300170898438,548.9199829101562,0.0016578630911974201,8218969,8881913.333333334,0.9253601889082457,"Yahoo Finance via yfinance 1.7.0 (inoffizielle Schnittstelle, Daten verzögert)",2026-09-23T23:59:04Z,OK,,61169.0,29234.0,90403.0,0.0,196456.0,306272.0,9,0,882,2026-09-23T15:59:59-04:00,120,"Yahoo Finance via yfinance 1.7.0 (inoffizielle Schnittstelle, Daten verzögert)",2026-09-23T23:59:04Z,OK,2026-11-27,2026-10-20,2026-10-30,"Yahoo Finance via yfinance 1.7.0 (inoffizielle Schnittstelle, Daten verzögert)",2026-09-23T23:59:09Z,2026-10-16 Monatlicher Optionsverfall
2026-09-23,DHR,DHR,Danaher Corporation,Health Care,XLV,OK,,221.27000427246094,223.2949981689453,219.9199981689453,221.55999755859375,215.83999633789062,0.026501118039997662,3161432,3521806.6666666665,0.8976733532599745,"Yahoo Finance via yfinance 1.7.0 (inoffizielle Schnittstelle, Daten verzögert)",2026-09-23T23:59:09Z,OK,,749.0,1625.0,2374.0,0.0,34825.0,18540.0,9,0,209,2026-09-23T15:56:11-04:00,120,"Yahoo Finance via yfinance 1.7.0 (inoffizielle Schnittstelle, Daten verzögert)",2026-09-23T23:59:09Z,OK,2026-10-21,2026-09-30,2026-10-30,"Yahoo Finance via yfinance 1.7.0 (inoffizielle Schnittstelle, Daten verzögert)",2026-09-23T23:59:14Z,2026-10-16 Monatlicher Optionsverfall
2026-09-23,DIS,DIS,Walt Disney Company,Communication Services,XLC,OK,,103.26000213623047,104.62000274658203,102.70500183105469,103.45999908447266,104.2300033569336,-0.007387549147667927,8188522,8046056.666666667,1.0177062304226046,"Yahoo Finance via yfinance 1.7.0 (inoffizielle Schnittstelle, Daten verzögert)",2026-09-23T23:59:14Z,OK,,13274.0,6583.0,19857.0,0.0,223463.0,176661.0,9,0,227,2026-09-23T15:59:57-04:00,120,"Yahoo Finance via yfinance 1.7.0 (inoffizielle Schnittstelle, Daten verzögert)",2026-09-23T23:59:15Z,OK,2026-11-12,2026-06-30,2026-07-22,"Yahoo Finance via yfinance 1.7.0 (inoffizielle Schnittstelle, Daten verzögert)",2026-09-23T23:59:19Z,2026-10-16 Monatlicher Optionsverfall
2026-09-23,DUK,DUK,Duke Energy,Utilities,XLU,OK,,116.0,116.01000213623047,114.1011962890625,114.16999816894531,116.73999786376953,-0.02201473138472465,3836159,4174540.0,0.9189417277113167,"Yahoo Finance via yfinance 1.7.0 (inoffizielle Schnittstelle, Daten verzögert)",2026-09-23T23:59:19Z,OK,,1522.0,535.0,2057.0,0.0,36426.0,20097.0,4,0,52,2026-09-23T15:58:36-04:00,120,"Yahoo Finance via yfinance 1.7.0 (inoffizielle Schnittstelle, Daten verzögert)",2026-09-23T23:59:20Z,OK,2026-11-05,2026-08-14,2026-09-16,"Yahoo Finance via yfinance 1.7.0 (inoffizielle Schnittstelle, Daten verzögert)",2026-09-23T23:59:22Z,2026-10-16 Monatlicher Optionsverfall
2026-09-23,EMR,EMR,Emerson Electric,Industrials,XLI,OK,,152.99000549316406,156.00509643554688,153.5,154.58999633789062,151.72000122070312,0.01891639265816103,2713721,2260356.6666666665,1.2005720336171135,"Yahoo Finance via yfinance 1.7.0 (inoffizielle Schnittstelle, Daten verzögert)",2026-09-23T23:59:22Z,OK,,1071.0,694.0,1765.0,0.0,26603.0,13894.0,9,0,142,2026-09-23T15:57:36-04:00,120,"Yahoo Finance via yfinance 1.7.0 (inoffizielle Schnittstelle, Daten verzögert)",2026-09-23T23:59:23Z,OK,2026-11-04,2026-08-14,2026-09-10,"Yahoo Finance via yfinance 1.7.0 (inoffizielle Schnittstelle, Daten verzögert)",2026-09-23T23:59:27Z,2026-10-16 Monatlicher Optionsverfall
2026-09-23,FDX,FDX,FedEx,Industrials,XLI,OK,,295.010009765625,295.9898986816406,291.3999938964844,291.5,295.7900085449219,-0.014503561381351893,1628314,1558580.0,1.044742008751556,"Yahoo Finance via yfinance 1.7.0 (inoffizielle Schnittstelle, Daten verzögert)",2026-09-23T23:59:27Z,OK,,1722.0,1725.0,3447.0,0.0,18835.0,19948.0,9,0,344,2026-09-23T15:59:43-04:00,120,"Yahoo Finance via yfinance 1.7.0 (inoffizielle Schnittstelle, Daten verzögert)",2026-09-23T23:59:28Z,OK,2026-10-28,2026-09-14,2026-10-01,"Yahoo Finance via yfinance 1.7.0 (inoffizielle Schnittstelle, Daten verzögert)",2026-09-23T23:59:32Z,2026-10-16 Monatlicher Optionsverfall
2026-09-23,GD,GD,General Dynamics,Industrials,XLI,OK,,344.19000244140625,348.760009765625,343.04998779296875,343.3299865722656,353.8999938964844,-0.029867215333466368,1084126,991310.0,1.093629641585377,"Yahoo Finance via yfinance 1.7.0 (inoffizielle Schnittstelle, Daten verzögert)",2026-09-23T23:59:33Z,OK,,495.0,235.0,730.0,0.0,11058.0,7686.0,9,0,224,2026-09-23T15:50:47-04:00,120,"Yahoo Finance via yfinance 1.7.0 (inoffizielle Schnittstelle, Daten verzögert)",2026-09-23T23:59:33Z,OK,2026-10-28,2026-10-09,2026-11-13,"Yahoo Finance via yfinance 1.7.0 (inoffizielle Schnittstelle, Daten verzögert)",2026-09-23T23:59:37Z,2026-10-16 Monatlicher Optionsverfall
2026-09-23,GE,GE,GE Aerospace,Industrials,XLI,OK,,318.3999938964844,325.9200134277344,317.6199951171875,319.79998779296875,319.010009765625,0.0024763424443143833,4352332,4021146.6666666665,1.0823609186102803,"Yahoo Finance via yfinance 1.7.0 (inoffizielle Schnittstelle, Daten verzögert)",2026-09-23T23:59:38Z,OK,,3717.0,2541.0,6258.0,0.0,80337.0,75060.0,9,0,358,2026-09-23T15:59:54-04:00,120,"Yahoo Finance via yfinance 1.7.0 (inoffizielle Schnittstelle, Daten verzögert)",2026-09-23T23:59:38Z,OK,2026-10-20,2026-10-05,2026-07-27,"Yahoo Finance via yfinance 1.7.0 (inoffizielle Schnittstelle, Daten verzögert)",2026-09-23T23:59:42Z,2026-10-16 Monatlicher Optionsverfall
2026-09-23,GEV,GEV,GE Vernova,Industrials,XLI,OK,,950.0,954.77001953125,934.75,951.8200073242188,946.219970703125,0.005918324273934239,1674790,2170800.0,0.7715081997420306,"Yahoo Finance via yfinance 1.7.0 (inoffizielle Schnittstelle, Daten verzögert)",2026-09-23T23:59:43Z,OK,,4912.0,6809.0,11721.0,0.0,61729.0,94958.0,9,0,964,2026-09-23T15:59:47-04:00,120,"Yahoo Finance via yfinance 1.7.0 (inoffizielle Schnittstelle, Daten verzögert)",2026-09-23T23:59:43Z,OK,2026-10-28,2026-06-16,2026-07-14,"Yahoo Finance via yfinance 1.7.0 (inoffizielle Schnittstelle, Daten verzögert)",2026-09-23T23:59:48Z,2026-10-16 Monatlicher Optionsverfall
2026-09-23,GILD,GILD,Gilead Sciences,Health Care,XLV,OK,,153.60000610351562,154.1999053955078,150.05999755859375,151.3699951171875,150.55999755859375,0.005379898855793597,5803574,5758386.666666667,1.0078472210966496,"Yahoo Finance via yfinance 1.7.0 (inoffizielle Schnittstelle, Daten verzögert)",2026-09-23T23:59:49Z,OK,,3355.0,563.0,3918.0,0.0,63854.0,29589.0,9,0,225,2026-09-23T15:59:30-04:00,120,"Yahoo Finance via yfinance 1.7.0 (inoffizielle Schnittstelle, Daten verzögert)",2026-09-23T23:59:49Z,OK,2026-10-29,2026-09-15,2026-09-29,"Yahoo Finance via yfinance 1.7.0 (inoffizielle Schnittstelle, Daten verzögert)",2026-09-23T23:59:54Z,2026-10-16 Monatlicher Optionsverfall
2026-09-23,GM,GM,General Motors,Consumer Discretionary,XLY,OK,,83.05000305175781,84.56500244140625,82.76000213623047,83.7699966430664,83.94999694824219,-0.0021441371258983377,4729101,6243553.333333333,0.7574374314626394,"Yahoo Finance via yfinance 1.7.0 (inoffizielle Schnittstelle, Daten verzögert)",2026-09-23T23:59:54Z,OK,,2935.0,3841.0,6776.0,0.0,102759.0,87854.0,9,0,242,2026-09-23T15:59:37-04:00,120,"Yahoo Finance via yfinance 1.7.0 (inoffizielle Schnittstelle, Daten verzögert)",2026-09-23T23:59:54Z,OK,2026-10-20,2026-09-04,2026-09-17,"Yahoo Finance via yfinance 1.7.0 (inoffizielle Schnittstelle, Daten verzögert)",2026-09-23T23:59:59Z,2026-10-16 Monatlicher Optionsverfall
2026-09-23,GOOG,GOOG,Alphabet Inc. (Class C),Communication Services,XLC,OK,,345.2900085449219,346.2799987792969,334.20001220703125,334.9800109863281,347.4100036621094,-0.03577902922988552,23055710,16416533.333333334,1.4044201374224359,"Yahoo Finance via yfinance 1.7.0 (inoffizielle Schnittstelle, Daten verzögert)",2026-09-23T23:59:59Z,OK,,194979.0,117794.0,312773.0,0.0,719707.0,480241.0,9,0,333,2026-09-23T15:59:59-04:00,120,"Yahoo Finance via yfinance 1.7.0 (inoffizielle Schnittstelle, Daten verzögert)",2026-09-24T00:00:00Z,OK,2026-10-28,2026-09-04,2026-09-14,"Yahoo Finance via yfinance 1.7.0 (inoffizielle Schnittstelle, Daten verzögert)",2026-09-24T00:00:04Z,2026-10-16 Monatlicher Optionsverfall
2026-09-23,GOOGL,GOOGL,Alphabet Inc. (Class A),Communication Services,XLC,OK,,UNAVAILABLE,350.0,337.45,337.83,351.1600036621094,-0.03795991434985768,35324218,24471820.0,1.443465095771381,"Yahoo Finance via yfinance 1.7.0 (inoffizielle Schnittstelle, Daten verzögert)",2026-09-24T00:00:04Z,OK,,411728.0,177654.0,589382.0,0.0,1317902.0,770684.0,12,0,540,2026-09-23T15:59:59-04:00,120,"Yahoo Finance via yfinance 1.7.0 (inoffizielle Schnittstelle, Daten verzögert)",2026-09-24T00:00:05Z,OK,2026-10-28,2026-09-04,2026-09-14,"Yahoo Finance via yfinance 1.7.0 (inoffizielle Schnittstelle, Daten verzögert)",2026-09-24T00:00:11Z,2026-10-16 Monatlicher Optionsverfall
2026-09-23,GS,GS,Goldman Sachs,Financials,XLF,OK,,UNAVAILABLE,954.53,933.675,936.36,959.3900146484375,-0.024004851308439656,2089762,1982293.3333333333,1.054214310697374,"Yahoo Finance via yfinance 1.7.0 (inoffizielle Schnittstelle, Daten verzögert)",2026-09-24T00:00:11Z,OK,,10930.0,10898.0,21828.0,0.0,116075.0,128571.0,9,0,1364,2026-09-23T15:59:50-04:00,120,"Yahoo Finance via yfinance 1.7.0 (inoffizielle Schnittstelle, Daten verzögert)",2026-09-24T00:00:12Z,OK,2026-10-13,2026-09-01,2026-09-29,"Yahoo Finance via yfinance 1.7.0 (inoffizielle Schnittstelle, Daten verzögert)",2026-09-24T00:00:16Z,2026-10-16 Monatlicher Optionsverfall
2026-09-23,HD,HD,Home Depot,Consumer Discretionary,XLY,OK,,UNAVAILABLE,304.13,296.68,296.72,297.20001220703125,-0.0016151150313440388,4658242,4010210.0,1.16159552741627,"Yahoo Finance via yfinance 1.7.0 (inoffizielle Schnittstelle, Daten verzögert)",2026-09-24T00:00:17Z,OK,,11959.0,8102.0,20061.0,0.0,87894.0,66116.0,9,0,320,2026-09-23T15:59:57-04:00,120,"Yahoo Finance via yfinance 1.7.0 (inoffizielle Schnittstelle, Daten verzögert)",2026-09-24T00:00:17Z,OK,2026-11-17,2026-09-03,2026-09-17,"Yahoo Finance via yfinance 1.7.0 (inoffizielle Schnittstelle, Daten verzögert)",2026-09-24T00:00:22Z,2026-10-16 Monatlicher Optionsverfall
2026-09-23,IBM,IBM,IBM,Information Technology,XLK,OK,,UNAVAILABLE,237.86,232.53,232.76,231.92999267578125,0.003578697669253339,4518779,5473700.0,0.825543782085244,"Yahoo Finance via yfinance 1.7.0 (inoffizielle Schnittstelle, Daten verzögert)",2026-09-24T00:00:22Z,OK,,32636.0,6912.0,39548.0,0.0,220513.0,159277.0,9,0,336,2026-09-23T15:59:58-04:00,120,"Yahoo Finance via yfinance 1.7.0 (inoffizielle Schnittstelle, Daten verzögert)",2026-09-24T00:00:23Z,OK,2026-10-21,2026-08-10,2026-09-10,"Yahoo Finance via yfinance 1.7.0 (inoffizielle Schnittstelle, Daten verzögert)",2026-09-24T00:00:27Z,2026-10-16 Monatlicher Optionsverfall
2026-09-23,INTC,INTC,Intel,Information Technology,XLK,OK,,UNAVAILABLE,124.25,119.44,122.6,123.86000061035156,-0.010172780592141106,84944757,106786756.66666667,0.7954615314814162,"Yahoo Finance via yfinance 1.7.0 (inoffizielle Schnittstelle, Daten verzögert)",2026-09-24T00:00:27Z,OK,,296165.0,167082.0,463247.0,0.0,2144117.0,1876580.0,12,0,266,2026-09-23T15:59:59-04:00,120,"Yahoo Finance via yfinance 1.7.0 (inoffizielle Schnittstelle, Daten verzögert)",2026-09-24T00:00:28Z,OK,2026-10-22,2024-08-07,2024-09-01,"Yahoo Finance via yfinance 1.7.0 (inoffizielle Schnittstelle, Daten verzögert)",2026-09-24T00:00:33Z,2026-10-16 Monatlicher Optionsverfall
2026-09-23,INTU,INTU,Intuit,Information Technology,XLK,OK,,UNAVAILABLE,294.2,286.2,286.8,304.1199951171875,-0.056951188331150426,3396804,3887863.3333333335,0.8736942913802697,"Yahoo Finance via yfinance 1.7.0 (inoffizielle Schnittstelle, Daten verzögert)",2026-09-24T00:00:34Z,OK,,4240.0,7370.0,11610.0,0.0,59080.0,64003.0,9,0,531,2026-09-23T15:59:41-04:00,120,"Yahoo Finance via yfinance 1.7.0 (inoffizielle Schnittstelle, Daten verzögert)",2026-09-24T00:00:34Z,OK,2026-11-19,2026-10-08,2026-10-16,"Yahoo Finance via yfinance 1.7.0 (inoffizielle Schnittstelle, Daten verzögert)",2026-09-24T00:00:39Z,2026-10-16 Monatlicher Optionsverfall
2026-09-23,ISRG,ISRG,Intuitive Surgical,Health Care,XLV,OK,,UNAVAILABLE,404.44,396.05,398.3,401.6499938964844,-0.008340579976076734,1678195,2494953.3333333335,0.6726358275238281,"Yahoo Finance via yfinance 1.7.0 (inoffizielle Schnittstelle, Daten verzögert)",2026-09-24T00:00:39Z,OK,,2858.0,1164.0,4022.0,0.0,42378.0,35955.0,9,0,557,2026-09-23T15:59:33-04:00,120,"Yahoo Finance via yfinance 1.7.0 (inoffizielle Schnittstelle, Daten verzögert)",2026-09-24T00:00:40Z,OK,2026-10-20,UNAVAILABLE,UNAVAILABLE,"Yahoo Finance via yfinance 1.7.0 (inoffizielle Schnittstelle, Daten verzögert)",2026-09-24T00:00:44Z,2026-10-16 Monatlicher Optionsverfall
2026-09-23,JNJ,JNJ,Johnson & Johnson,Health Care,XLV,OK,,UNAVAILABLE,272.14,266.54,269.17,269.4700012207031,-0.0011133009958217421,6367168,6396793.333333333,0.9953687212030194,"Yahoo Finance via yfinance 1.7.0 (inoffizielle Schnittstelle, Daten verzögert)",2026-09-24T00:00:44Z,OK,,5565.0,4469.0,10034.0,0.0,118806.0,111355.0,9,0,243,2026-09-23T15:59:41-04:00,120,"Yahoo Finance via yfinance 1.7.0 (inoffizielle Schnittstelle, Daten verzögert)",2026-09-24T00:00:45Z,OK,2026-10-13,2026-08-25,2026-09-08,"Yahoo Finance via yfinance 1.7.0 (inoffizielle Schnittstelle, Daten verzögert)",2026-09-24T00:00:49Z,2026-10-16 Monatlicher Optionsverfall
2026-09-23,JPM,JPM,JPMorgan Chase,Financials,XLF,OK,,UNAVAILABLE,341.43,336.981,337.53,340.0,-0.007264705882353062,7050878,6664186.666666667,1.0580252854061711,"Yahoo Finance via yfinance 1.7.0 (inoffizielle Schnittstelle, Daten verzögert)",2026-09-24T00:00:50Z,OK,,38098.0,13920.0,52018.0,0.0,215745.0,213777.0,9,0,387,2026-09-23T15:59:58-04:00,120,"Yahoo Finance via yfinance 1.7.0 (inoffizielle Schnittstelle, Daten verzögert)",2026-09-24T00:00:50Z,OK,2026-10-13,2026-10-06,2026-10-31,"Yahoo Finance via yfinance 1.7.0 (inoffizielle Schnittstelle, Daten verzögert)",2026-09-24T00:00:54Z,2026-10-16 Monatlicher Optionsverfall
2026-09-23,KO,KO,Coca-Cola Company,Consumer Staples,XLP,OK,,UNAVAILABLE,88.995,87.61,88.09,87.12000274658203,0.011134036074809783,12965935,14963273.333333334,0.8665172861018378,"Yahoo Finance via yfinance 1.7.0 (inoffizielle Schnittstelle, Daten verzögert)",2026-09-24T00:00:55Z,OK,,17366.0,11007.0,28373.0,0.0,232421.0,205970.0,9,0,201,2026-09-23T15:59:58-04:00,120,"Yahoo Finance via yfinance 1.7.0 (inoffizielle Schnittstelle, Daten verzögert)",2026-09-24T00:00:55Z,OK,2026-10-20,2026-09-15,2026-10-01,"Yahoo Finance via yfinance 1.7.0 (inoffizielle Schnittstelle, Daten verzögert)",2026-09-24T00:01:00Z,2026-10-16 Monatlicher Optionsverfall
2026-09-23,LIN,LIN,Linde plc,Materials,XLB,OK,,UNAVAILABLE,472.59,463.01,469.72,457.5,0.0267103825136612,1925590,1982700.0,0.9711958440510415,"Yahoo Finance via yfinance 1.7.0 (inoffizielle Schnittstelle, Daten verzögert)",2026-09-24T00:01:00Z,OK,,232.0,191.0,423.0,0.0,14166.0,21760.0,4,0,301,2026-09-23T15:59:20-04:00,120,"Yahoo Finance via yfinance 1.7.0 (inoffizielle Schnittstelle, Daten verzögert)",2026-09-24T00:01:01Z,OK,2026-10-30,2026-09-03,2026-09-17,"Yahoo Finance via yfinance 1.7.0 (inoffizielle Schnittstelle, Daten verzögert)",2026-09-24T00:01:03Z,2026-10-16 Monatlicher Optionsverfall
2026-09-23,LLY,LLY,Eli Lilly and Company,Health Care,XLV,OK,,UNAVAILABLE,1188.88,1145.98,1150.99,1164.8900146484375,-0.01193246956677918,2152646,2423573.3333333335,0.8882116214075084,"Yahoo Finance via yfinance 1.7.0 (inoffizielle Schnittstelle, Daten verzögert)",2026-09-24T00:01:03Z,OK,,17705.0,11176.0,28881.0,0.0,102267.0,123141.0,9,0,969,2026-09-23T15:59:58-04:00,120,"Yahoo Finance via yfinance 1.7.0 (inoffizielle Schnittstelle, Daten verzögert)",2026-09-24T00:01:04Z,OK,2026-10-29,2026-08-14,2026-09-10,"Yahoo Finance via yfinance 1.7.0 (inoffizielle Schnittstelle, Daten verzögert)",2026-09-24T00:01:08Z,2026-10-16 Monatlicher Optionsverfall
2026-09-23,LMT,LMT,Lockheed Martin,Industrials,XLI,OK,,UNAVAILABLE,534.93,523.21,524.68,535.4000244140625,-0.02002245783569856,1129064,1110336.6666666667,1.0168663558500275,"Yahoo Finance via yfinance 1.7.0 (inoffizielle Schnittstelle, Daten verzögert)",2026-09-24T00:01:09Z,OK,,1327.0,1155.0,2482.0,0.0,30840.0,29254.0,9,0,562,2026-09-23T15:57:59-04:00,120,"Yahoo Finance via yfinance 1.7.0 (inoffizielle Schnittstelle, Daten verzögert)",2026-09-24T00:01:09Z,OK,2026-10-20,2026-09-01,2026-09-25,"Yahoo Finance via yfinance 1.7.0 (inoffizielle Schnittstelle, Daten verzögert)",2026-09-24T00:01:14Z,2026-10-16 Monatlicher Optionsverfall
2026-09-23,LOW,LOW,Lowe's,Consumer Discretionary,XLY,OK,,UNAVAILABLE,195.51,191.31,191.36,190.97999572753906,0.0019897595610123275,2934348,3123763.3333333335,0.9393630972897007,"Yahoo Finance via yfinance 1.7.0 (inoffizielle Schnittstelle, Daten verzögert)",2026-09-24T00:01:14Z,OK,,7645.0,2856.0,10501.0,0.0,33221.0,44567.0,9,0,213,2026-09-23T15:59:19-04:00,120,"Yahoo Finance via yfinance 1.7.0 (inoffizielle Schnittstelle, Daten verzögert)",2026-09-24T00:01:15Z,OK,2026-11-18,2026-10-21,2026-11-04,"Yahoo Finance via yfinance 1.7.0 (inoffizielle Schnittstelle, Daten verzögert)",2026-09-24T00:01:19Z,2026-10-16 Monatlicher Optionsverfall
2026-09-23,LRCX,LRCX,Lam Research,Information Technology,XLK,OK,,UNAVAILABLE,309.75,298.56,307.28,310.9599914550781,-0.01183429237265643,9123960,8619353.333333334,1.0585434483484066,"Yahoo Finance via yfinance 1.7.0 (inoffizielle Schnittstelle, Daten verzögert)",2026-09-24T00:01:19Z,OK,,10691.0,14170.0,24861.0,0.0,192739.0,197139.0,9,0,813,2026-09-23T15:59:58-04:00,120,"Yahoo Finance via yfinance 1.7.0 (inoffizielle Schnittstelle, Daten verzögert)",2026-09-24T00:01:20Z,OK,2026-10-21,2026-09-23,2026-10-14,"Yahoo Finance via yfinance 1.7.0 (inoffizielle Schnittstelle, Daten verzögert)",2026-09-24T00:01:24Z,2026-10-16 Monatlicher Optionsverfall
2026-09-23,MA,MA,Mastercard,Financials,XLF,OK,,UNAVAILABLE,565.75,554.26,559.92,567.6500244140625,-0.013617588446405149,2876588,2682106.6666666665,1.0725106632597263,"Yahoo Finance via yfinance 1.7.0 (inoffizielle Schnittstelle, Daten verzögert)",2026-09-24T00:01:25Z,OK,,1566.0,1187.0,2753.0,0.0,38814.0,44586.0,9,0,549,2026-09-23T15:59:20-04:00,120,"Yahoo Finance via yfinance 1.7.0 (inoffizielle Schnittstelle, Daten verzögert)",2026-09-24T00:01:25Z,OK,2026-10-29,2026-07-09,2026-08-07,"Yahoo Finance via yfinance 1.7.0 (inoffizielle Schnittstelle, Daten verzögert)",2026-09-24T00:01:30Z,2026-10-16 Monatlicher Optionsverfall
2026-09-23,MCD,MCD,McDonald's,Consumer Discretionary,XLY,OK,,UNAVAILABLE,250.32,234.04,238.32,250.35000610351562,-0.048052749391751304,16508084,4601170.0,3.5878013635662236,"Yahoo Finance via yfinance 1.7.0 (inoffizielle Schnittstelle, Daten verzögert)",2026-09-24T00:01:30Z,OK,,111043.0,72554.0,183597.0,0.0,140628.0,95545.0,9,0,207,2026-09-23T15:59:58-04:00,120,"Yahoo Finance via yfinance 1.7.0 (inoffizielle Schnittstelle, Daten verzögert)",2026-09-24T00:01:31Z,OK,2026-11-05,2026-12-01,2026-12-15,"Yahoo Finance via yfinance 1.7.0 (inoffizielle Schnittstelle, Daten verzögert)",2026-09-24T00:01:35Z,2026-10-16 Monatlicher Optionsverfall
2026-09-23,MDLZ,MDLZ,Mondelez International,Consumer Staples,XLP,OK,,UNAVAILABLE,61.675,60.79,61.44,60.16999816894531,0.021106894959324718,8353190,7413930.0,1.1266885444022265,"Yahoo Finance via yfinance 1.7.0 (inoffizielle Schnittstelle, Daten verzögert)",2026-09-24T00:01:35Z,OK,,790.0,332.0,1122.0,0.0,29365.0,25840.0,9,0,138,2026-09-23T15:51:58-04:00,120,"Yahoo Finance via yfinance 1.7.0 (inoffizielle Schnittstelle, Daten verzögert)",2026-09-24T00:01:36Z,OK,2026-10-27,2026-09-30,2026-10-14,"Yahoo Finance via yfinance 1.7.0 (inoffizielle Schnittstelle, Daten verzögert)",2026-09-24T00:01:40Z,2026-10-16 Monatlicher Optionsverfall
2026-09-23,MDT,MDT,Medtronic,Health Care,XLV,OK,,UNAVAILABLE,91.146,88.609,89.3,91.75,-0.02670299727520442,10531922,8238950.0,1.2783087650732192,"Yahoo Finance via yfinance 1.7.0 (inoffizielle Schnittstelle, Daten verzögert)",2026-09-24T00:01:40Z,OK,,12176.0,6793.0,18969.0,0.0,130170.0,80393.0,9,0,184,2026-09-23T15:59:54-04:00,120,"Yahoo Finance via yfinance 1.7.0 (inoffizielle Schnittstelle, Daten verzögert)",2026-09-24T00:01:41Z,OK,2026-11-17,2026-09-25,2026-10-16,"Yahoo Finance via yfinance 1.7.0 (inoffizielle Schnittstelle, Daten verzögert)",2026-09-24T00:01:45Z,2026-10-16 Monatlicher Optionsverfall
2026-09-23,META,META,Meta Platforms,Communication Services,XLC,OK,,UNAVAILABLE,763.9,739.51,744.1,736.5999755859375,0.010181950397291972,30241497,19161070.0,1.5782780919854684,"Yahoo Finance via yfinance 1.7.0 (inoffizielle Schnittstelle, Daten verzögert)",2026-09-24T00:01:46Z,OK,,416871.0,245076.0,661947.0,0.0,1702577.0,651233.0,12,0,703,2026-09-23T15:59:59-04:00,120,"Yahoo Finance via yfinance 1.7.0 (inoffizielle Schnittstelle, Daten verzögert)",2026-09-24T00:01:46Z,OK,2026-10-28,2026-09-21,2026-09-28,"Yahoo Finance via yfinance 1.7.0 (inoffizielle Schnittstelle, Daten verzögert)",2026-09-24T00:01:52Z,2026-10-16 Monatlicher Optionsverfall
2026-09-23,MMM,MMM,3M,Industrials,XLI,OK,,UNAVAILABLE,170.43,167.84,170.3,164.97000122070312,0.032308897010713045,2775723,2779806.6666666665,0.9985309529919347,"Yahoo Finance via yfinance 1.7.0 (inoffizielle Schnittstelle, Daten verzögert)",2026-09-24T00:01:52Z,OK,,12035.0,2796.0,14831.0,0.0,45889.0,29980.0,9,0,164,2026-09-23T15:59:58-04:00,120,"Yahoo Finance via yfinance 1.7.0 (inoffizielle Schnittstelle, Daten verzögert)",2026-09-24T00:01:53Z,OK,2026-10-20,2026-08-24,2026-09-11,"Yahoo Finance via yfinance 1.7.0 (inoffizielle Schnittstelle, Daten verzögert)",2026-09-24T00:01:57Z,2026-10-16 Monatlicher Optionsverfall
2026-09-23,MO,MO,Altria,Consumer Staples,XLP,OK,,UNAVAILABLE,69.55,68.435,68.95,68.52999877929688,0.006128720679767552,9368088,8924873.333333334,1.0496606114297793,"Yahoo Finance via yfinance 1.7.0 (inoffizielle Schnittstelle, Daten verzögert)",2026-09-24T00:01:58Z,OK,,11481.0,3808.0,15289.0,0.0,114754.0,91837.0,9,0,156,2026-09-23T15:59:58-04:00,120,"Yahoo Finance via yfinance 1.7.0 (inoffizielle Schnittstelle, Daten verzögert)",2026-09-24T00:01:58Z,OK,2026-10-29,2026-09-15,2026-10-09,"Yahoo Finance via yfinance 1.7.0 (inoffizielle Schnittstelle, Daten verzögert)",2026-09-24T00:02:03Z,2026-10-16 Monatlicher Optionsverfall
2026-09-23,MRK,MRK,Merck & Co.,Health Care,XLV,OK,,UNAVAILABLE,151.52,146.89,148.08,149.5,-0.009498327759197234,9630737,10882816.666666666,0.8849489332571685,"Yahoo Finance via yfinance 1.7.0 (inoffizielle Schnittstelle, Daten verzögert)",2026-09-24T00:02:03Z,OK,,25058.0,5511.0,30569.0,0.0,179425.0,143205.0,9,0,239,2026-09-23T15:58:49-04:00,120,"Yahoo Finance via yfinance 1.7.0 (inoffizielle Schnittstelle, Daten verzögert)",2026-09-24T00:02:03Z,OK,2026-10-29,2026-09-15,2026-10-07,"Yahoo Finance via yfinance 1.7.0 (inoffizielle Schnittstelle, Daten verzögert)",2026-09-24T00:02:08Z,2026-10-16 Monatlicher Optionsverfall
2026-09-23,MS,MS,Morgan Stanley,Financials,XLF,OK,,UNAVAILABLE,201.12,197.94,198.39,206.1199951171875,-0.03750240297062257,4340953,4347366.666666667,0.9985247007767153,"Yahoo Finance via yfinance 1.7.0 (inoffizielle Schnittstelle, Daten verzögert)",2026-09-24T00:02:08Z,OK,,4081.0,3430.0,7511.0,0.0,86870.0,123792.0,9,0,277,2026-09-23T15:59:33-04:00,120,"Yahoo Finance via yfinance 1.7.0 (inoffizielle Schnittstelle, Daten verzögert)",2026-09-24T00:02:09Z,OK,2026-10-14,2026-07-31,2026-08-14,"Yahoo Finance via yfinance 1.7.0 (inoffizielle Schnittstelle, Daten verzögert)",2026-09-24T00:02:13Z,2026-10-16 Monatlicher Optionsverfall
2026-09-23,MSFT,MSFT,Microsoft,Information Technology,XLK,OK,,UNAVAILABLE,509.44,495.9,500.59,498.0,0.005200803212851435,19296597,21856793.333333332,0.8828649612828232,"Yahoo Finance via yfinance 1.7.0 (inoffizielle Schnittstelle, Daten verzögert)",2026-09-24T00:02:13Z,OK,,265243.0,80521.0,345764.0,0.0,1752307.0,811931.0,12,0,516,2026-09-23T15:59:59-04:00,120,"Yahoo Finance via yfinance 1.7.0 (inoffizielle Schnittstelle, Daten verzögert)",2026-09-24T00:02:14Z,OK,2026-10-28,2026-11-19,2026-12-10,"Yahoo Finance via yfinance 1.7.0 (inoffizielle Schnittstelle, Daten verzögert)",2026-09-24T00:02:20Z,2026-10-16 Monatlicher Optionsverfall
2026-09-23,MU,MU,Micron Technology,Information Technology,XLK,OK,,UNAVAILABLE,1105.5,1064.25,1071.88,1096.1600341796875,-0.022150081578058423,21405071,26925436.666666668,0.7949758165481934,"Yahoo Finance via yfinance 1.7.0 (inoffizielle Schnittstelle, Daten verzögert)",2026-09-24T00:02:20Z,OK,,231124.0,149727.0,380851.0,0.0,922737.0,1061986.0,11,0,1480,2026-09-23T15:59:59-04:00,120,"Yahoo Finance via yfinance 1.7.0 (inoffizielle Schnittstelle, Daten verzögert)",2026-09-24T00:02:21Z,OK,2026-09-30,2026-07-06,2026-07-21,"Yahoo Finance via yfinance 1.7.0 (inoffizielle Schnittstelle, Daten verzögert)",2026-09-24T00:02:26Z,2026-10-16 Monatlicher Optionsverfall
2026-09-23,NEE,NEE,NextEra Energy,Utilities,XLU,OK,,UNAVAILABLE,79.0,76.87,77.02,79.62999725341797,-0.032776558375505194,12615955,10636400.0,1.1861113722688128,"Yahoo Finance via yfinance 1.7.0 (inoffizielle Schnittstelle, Daten verzögert)",2026-09-24T00:02:27Z,OK,,13267.0,10262.0,23529.0,0.0,165858.0,125978.0,9,0,123,2026-09-23T15:59:34-04:00,120,"Yahoo Finance via yfinance 1.7.0 (inoffizielle Schnittstelle, Daten verzögert)",2026-09-24T00:02:27Z,OK,2026-10-27,2026-08-28,2026-09-15,"Yahoo Finance via yfinance 1.7.0 (inoffizielle Schnittstelle, Daten verzögert)",2026-09-24T00:02:31Z,2026-10-16 Monatlicher Optionsverfall
2026-09-23,NFLX,NFLX,Netflix,Communication Services,XLC,OK,,UNAVAILABLE,72.369,71.07,71.36,72.16000366210938,-0.011086524688321941,32606518,31037576.666666668,1.0505497368619736,"Yahoo Finance via yfinance 1.7.0 (inoffizielle Schnittstelle, Daten verzögert)",2026-09-24T00:02:32Z,OK,,125105.0,76639.0,201744.0,0.0,1693058.0,1604936.0,9,0,1319,2026-09-23T15:59:58-04:00,120,"Yahoo Finance via yfinance 1.7.0 (inoffizielle Schnittstelle, Daten verzögert)",2026-09-24T00:02:32Z,OK,2026-10-20,UNAVAILABLE,UNAVAILABLE,"Yahoo Finance via yfinance 1.7.0 (inoffizielle Schnittstelle, Daten verzögert)",2026-09-24T00:02:37Z,2026-10-16 Monatlicher Optionsverfall
2026-09-23,NOW,NOW,ServiceNow,Information Technology,XLK,OK,,UNAVAILABLE,141.54,136.15,140.78,137.0,0.02759124087591247,10770338,15934320.0,0.6759207798010834,"Yahoo Finance via yfinance 1.7.0 (inoffizielle Schnittstelle, Daten verzögert)",2026-09-24T00:02:37Z,OK,,50977.0,22091.0,73068.0,0.0,408648.0,340652.0,9,0,726,2026-09-23T15:59:58-04:00,120,"Yahoo Finance via yfinance 1.7.0 (inoffizielle Schnittstelle, Daten verzögert)",2026-09-24T00:02:38Z,OK,2026-10-28,UNAVAILABLE,UNAVAILABLE,"Yahoo Finance via yfinance 1.7.0 (inoffizielle Schnittstelle, Daten verzögert)",2026-09-24T00:02:42Z,2026-10-16 Monatlicher Optionsverfall
2026-09-23,NVDA,NVDA,Nvidia,Information Technology,XLK,OK,,UNAVAILABLE,228.95,224.02,225.51,228.8699951171875,-0.014680802153498096,86851377,122340886.66666667,0.7099129274470409,"Yahoo Finance via yfinance 1.7.0 (inoffizielle Schnittstelle, Daten verzögert)",2026-09-24T00:02:43Z,OK,,803638.0,427310.0,1230948.0,0.0,3676223.0,4245791.0,12,0,967,2026-09-23T15:59:59-04:00,120,"Yahoo Finance via yfinance 1.7.0 (inoffizielle Schnittstelle, Daten verzögert)",2026-09-24T00:02:43Z,OK,2026-11-17,2026-09-10,2026-10-01,"Yahoo Finance via yfinance 1.7.0 (inoffizielle Schnittstelle, Daten verzögert)",2026-09-24T00:02:49Z,2026-10-16 Monatlicher Optionsverfall
2026-09-23,ORCL,ORCL,Oracle Corporation,Information Technology,XLK,OK,,UNAVAILABLE,148.662,144.23,144.56,149.1999969482422,-0.031099175892421838,22280238,28714060.0,0.7759347859550338,"Yahoo Finance via yfinance 1.7.0 (inoffizielle Schnittstelle, Daten verzögert)",2026-09-24T00:02:49Z,OK,,195621.0,64660.0,260281.0,0.0,1112979.0,880134.0,9,0,332,2026-09-23T15:59:59-04:00,120,"Yahoo Finance via yfinance 1.7.0 (inoffizielle Schnittstelle, Daten verzögert)",2026-09-24T00:02:50Z,OK,2026-12-10,2026-10-09,2026-10-23,"Yahoo Finance via yfinance 1.7.0 (inoffizielle Schnittstelle, Daten verzögert)",2026-09-24T00:02:54Z,2026-10-16 Monatlicher Optionsverfall
2026-09-23,PANW,PANW,Palo Alto Networks,Information Technology,XLK,OK,,UNAVAILABLE,393.52,374.22,393.3,371.760009765625,0.057940579052477625,6198749,6412176.666666667,0.9667152547782786,"Yahoo Finance via yfinance 1.7.0 (inoffizielle Schnittstelle, Daten verzögert)",2026-09-24T00:02:55Z,OK,,30444.0,15314.0,45758.0,0.0,191495.0,181277.0,9,0,633,2026-09-23T15:59:56-04:00,120,"Yahoo Finance via yfinance 1.7.0 (inoffizielle Schnittstelle, Daten verzögert)",2026-09-24T00:02:55Z,OK,2026-11-19,UNAVAILABLE,UNAVAILABLE,"Yahoo Finance via yfinance 1.7.0 (inoffizielle Schnittstelle, Daten verzögert)",2026-09-24T00:02:59Z,2026-10-16 Monatlicher Optionsverfall
2026-09-23,PEP,PEP,PepsiCo,Consumer Staples,XLP,OK,,UNAVAILABLE,131.39,129.215,130.18,129.58999633789062,0.004552848821532729,8171262,7899143.333333333,1.034449136467541,"Yahoo Finance via yfinance 1.7.0 (inoffizielle Schnittstelle, Daten verzögert)",2026-09-24T00:03:00Z,OK,,50946.0,10158.0,61104.0,0.0,161256.0,84651.0,9,0,231,2026-09-23T15:59:57-04:00,120,"Yahoo Finance via yfinance 1.7.0 (inoffizielle Schnittstelle, Daten verzögert)",2026-09-24T00:03:00Z,OK,2026-10-08,2026-09-04,2026-09-30,"Yahoo Finance via yfinance 1.7.0 (inoffizielle Schnittstelle, Daten verzögert)",2026-09-24T00:03:05Z,2026-10-16 Monatlicher Optionsverfall
2026-09-23,PFE,PFE,Pfizer,Health Care,XLV,OK,,UNAVAILABLE,28.23,27.84,28.18,27.739999771118164,0.015861580119403973,32613293,34668476.666666664,0.9407189509240047,"Yahoo Finance via yfinance 1.7.0 (inoffizielle Schnittstelle, Daten verzögert)",2026-09-24T00:03:05Z,OK,,35149.0,9649.0,44798.0,0.0,798127.0,573932.0,9,0,175,2026-09-23T15:59:51-04:00,120,"Yahoo Finance via yfinance 1.7.0 (inoffizielle Schnittstelle, Daten verzögert)",2026-09-24T00:03:06Z,OK,2026-11-03,2026-07-24,2026-09-01,"Yahoo Finance via yfinance 1.7.0 (inoffizielle Schnittstelle, Daten verzögert)",2026-09-24T00:03:10Z,2026-10-16 Monatlicher Optionsverfall
2026-09-23,PG,PG,Procter & Gamble,Consumer Staples,XLP,OK,,UNAVAILABLE,148.93,147.148,147.39,146.0800018310547,0.008967676290559945,6566772,8908603.333333334,0.7371269944671461,"Yahoo Finance via yfinance 1.7.0 (inoffizielle Schnittstelle, Daten verzögert)",2026-09-24T00:03:10Z,OK,,7360.0,4200.0,11560.0,0.0,154244.0,99654.0,9,0,215,2026-09-23T15:59:25-04:00,120,"Yahoo Finance via yfinance 1.7.0 (inoffizielle Schnittstelle, Daten verzögert)",2026-09-24T00:03:11Z,OK,2026-10-22,2026-07-24,2026-08-17,"Yahoo Finance via yfinance 1.7.0 (inoffizielle Schnittstelle, Daten verzögert)",2026-09-24T00:03:15Z,2026-10-16 Monatlicher Optionsverfall
2026-09-23,PLTR,PLTR,Palantir Technologies,Information Technology,XLK,OK,,UNAVAILABLE,193.79,182.95,191.79,184.99000549316406,0.036758712929965354,34908712,29194673.333333332,1.1957219593254569,"Yahoo Finance via yfinance 1.7.0 (inoffizielle Schnittstelle, Daten verzögert)",2026-09-24T00:03:16Z,OK,,391922.0,209968.0,601890.0,0.0,1036151.0,1051463.0,9,0,318,2026-09-23T15:59:59-04:00,120,"Yahoo Finance via yfinance 1.7.0 (inoffizielle Schnittstelle, Daten verzögert)",2026-09-24T00:03:16Z,OK,2026-11-02,UNAVAILABLE,UNAVAILABLE,"Yahoo Finance via yfinance 1.7.0 (inoffizielle Schnittstelle, Daten verzögert)",2026-09-24T00:03:21Z,2026-10-16 Monatlicher Optionsverfall
2026-09-23,PM,PM,Philip Morris International,Consumer Staples,XLP,OK,,UNAVAILABLE,193.0,188.56,190.84,187.47999572753906,0.01792193486788829,6693467,4245760.0,1.5765062085468797,"Yahoo Finance via yfinance 1.7.0 (inoffizielle Schnittstelle, Daten verzögert)",2026-09-24T00:03:21Z,OK,,3867.0,907.0,4774.0,0.0,49183.0,46932.0,9,0,192,2026-09-23T15:59:26-04:00,120,"Yahoo Finance via yfinance 1.7.0 (inoffizielle Schnittstelle, Daten verzögert)",2026-09-24T00:03:22Z,OK,2026-10-21,2026-10-02,2026-10-26,"Yahoo Finance via yfinance 1.7.0 (inoffizielle Schnittstelle, Daten verzögert)",2026-09-24T00:03:26Z,2026-10-16 Monatlicher Optionsverfall
2026-09-23,QCOM,QCOM,Qualcomm,Information Technology,XLK,OK,,UNAVAILABLE,199.613,193.23,197.24,198.27000427246094,-0.00519495763486999,9685834,12495733.333333334,0.7751312981497684,"Yahoo Finance via yfinance 1.7.0 (inoffizielle Schnittstelle, Daten verzögert)",2026-09-24T00:03:26Z,OK,,48447.0,18084.0,66531.0,0.0,208801.0,171173.0,9,0,229,2026-09-23T15:59:57-04:00,120,"Yahoo Finance via yfinance 1.7.0 (inoffizielle Schnittstelle, Daten verzögert)",2026-09-24T00:03:27Z,OK,2026-11-04,2026-09-03,2026-09-24,"Yahoo Finance via yfinance 1.7.0 (inoffizielle Schnittstelle, Daten verzögert)",2026-09-24T00:03:31Z,2026-10-16 Monatlicher Optionsverfall
2026-09-23,RTX,RTX,RTX Corporation,Industrials,XLI,OK,,UNAVAILABLE,195.07,190.73,192.19,194.33999633789062,-0.011063066679040778,4217466,4055566.6666666665,1.0399202741910296,"Yahoo Finance via yfinance 1.7.0 (inoffizielle Schnittstelle, Daten verzögert)",2026-09-24T00:03:31Z,OK,,14237.0,2114.0,16351.0,0.0,61925.0,51222.0,9,0,224,2026-09-23T15:59:29-04:00,120,"Yahoo Finance via yfinance 1.7.0 (inoffizielle Schnittstelle, Daten verzögert)",2026-09-24T00:03:32Z,OK,2026-10-20,2026-08-14,2026-09-03,"Yahoo Finance via yfinance 1.7.0 (inoffizielle Schnittstelle, Daten verzögert)",2026-09-24T00:03:36Z,2026-10-16 Monatlicher Optionsverfall
2026-09-23,SBUX,SBUX,Starbucks,Consumer Discretionary,XLY,OK,,UNAVAILABLE,95.5,93.15,94.14,94.9000015258789,-0.008008445876280135,7857641,6103500.0,1.2873991971819447,"Yahoo Finance via yfinance 1.7.0 (inoffizielle Schnittstelle, Daten verzögert)",2026-09-24T00:03:37Z,OK,,12087.0,6441.0,18528.0,0.0,171493.0,173814.0,9,0,226,2026-09-23T15:59:37-04:00,120,"Yahoo Finance via yfinance 1.7.0 (inoffizielle Schnittstelle, Daten verzögert)",2026-09-24T00:03:37Z,OK,2026-10-28,2026-08-14,2026-08-28,"Yahoo Finance via yfinance 1.7.0 (inoffizielle Schnittstelle, Daten verzögert)",2026-09-24T00:03:41Z,2026-10-16 Monatlicher Optionsverfall
2026-09-23,SCHW,SCHW,Charles Schwab Corporation,Financials,XLF,OK,,UNAVAILABLE,101.34,99.45,99.5,100.3499984741211,-0.008470338685060308,10894129,7902213.333333333,1.3786174253289374,"Yahoo Finance via yfinance 1.7.0 (inoffizielle Schnittstelle, Daten verzögert)",2026-09-24T00:03:42Z,OK,,7413.0,11027.0,18440.0,0.0,179115.0,155910.0,9,0,227,2026-09-23T15:59:25-04:00,120,"Yahoo Finance via yfinance 1.7.0 (inoffizielle Schnittstelle, Daten verzögert)",2026-09-24T00:03:42Z,OK,2026-10-15,2026-08-14,2026-08-28,"Yahoo Finance via yfinance 1.7.0 (inoffizielle Schnittstelle, Daten verzögert)",2026-09-24T00:03:47Z,2026-10-16 Monatlicher Optionsverfall
2026-09-23,SNDK,SNDK,Sandisk,Information Technology,XLK,OK,,UNAVAILABLE,1902.22,1803.67,1816.57,1887.0400390625,-0.037344220368270675,7672720,12243050.0,0.6267000461486313,"Yahoo Finance via yfinance 1.7.0 (inoffizielle Schnittstelle, Daten verzögert)",2026-09-24T00:03:47Z,OK,,82033.0,58134.0,140167.0,0.0,248722.0,324506.0,9,0,2336,2026-09-23T15:59:59-04:00,120,"Yahoo Finance via yfinance 1.7.0 (inoffizielle Schnittstelle, Daten verzögert)",2026-09-24T00:03:47Z,OK,2026-11-06,UNAVAILABLE,UNAVAILABLE,"Yahoo Finance via yfinance 1.7.0 (inoffizielle Schnittstelle, Daten verzögert)",2026-09-24T00:03:52Z,2026-10-16 Monatlicher Optionsverfall
2026-09-23,SO,SO,Southern Company,Utilities,XLU,OK,,UNAVAILABLE,84.9,83.21,83.47,85.45999908447266,-0.023285737254755245,5504271,5802236.666666667,0.9486464127913891,"Yahoo Finance via yfinance 1.7.0 (inoffizielle Schnittstelle, Daten verzögert)",2026-09-24T00:03:53Z,OK,,2409.0,1411.0,3820.0,0.0,42006.0,26346.0,9,0,149,2026-09-23T15:57:05-04:00,120,"Yahoo Finance via yfinance 1.7.0 (inoffizielle Schnittstelle, Daten verzögert)",2026-09-24T00:03:53Z,OK,2026-10-29,2026-08-17,2026-09-08,"Yahoo Finance via yfinance 1.7.0 (inoffizielle Schnittstelle, Daten verzögert)",2026-09-24T00:03:58Z,2026-10-16 Monatlicher Optionsverfall
2026-09-23,T,T,AT&T,Communication Services,XLC,OK,,UNAVAILABLE,25.59,24.943,25.3,25.100000381469727,0.007968112170943398,43011904,35175776.666666664,1.2227705562151532,"Yahoo Finance via yfinance 1.7.0 (inoffizielle Schnittstelle, Daten verzögert)",2026-09-24T00:03:58Z,OK,,15548.0,18930.0,34478.0,0.0,465825.0,288785.0,9,0,158,2026-09-23T15:59:50-04:00,120,"Yahoo Finance via yfinance 1.7.0 (inoffizielle Schnittstelle, Daten verzögert)",2026-09-24T00:03:58Z,OK,2026-10-21,2026-07-10,2026-08-03,"Yahoo Finance via yfinance 1.7.0 (inoffizielle Schnittstelle, Daten verzögert)",2026-09-24T00:04:03Z,2026-10-16 Monatlicher Optionsverfall
2026-09-23,TMO,TMO,Thermo Fisher Scientific,Health Care,XLV,OK,,UNAVAILABLE,671.47,655.78,665.3,658.760009765625,0.009927728060939556,2315339,1942640.0,1.1918518099081663,"Yahoo Finance via yfinance 1.7.0 (inoffizielle Schnittstelle, Daten verzögert)",2026-09-24T00:04:03Z,OK,,855.0,310.0,1165.0,0.0,19729.0,21868.0,9,0,372,2026-09-23T15:59:13-04:00,120,"Yahoo Finance via yfinance 1.7.0 (inoffizielle Schnittstelle, Daten verzögert)",2026-09-24T00:04:04Z,OK,2026-10-21,2026-09-15,2026-10-15,"Yahoo Finance via yfinance 1.7.0 (inoffizielle Schnittstelle, Daten verzögert)",2026-09-24T00:04:08Z,2026-10-16 Monatlicher Optionsverfall
2026-09-23,TMUS,TMUS,T-Mobile US,Communication Services,XLC,OK,,UNAVAILABLE,166.705,161.14,165.66,165.27000427246094,0.002359749001374256,8043590,4380496.666666667,1.8362278554410496,"Yahoo Finance via yfinance 1.7.0 (inoffizielle Schnittstelle, Daten verzögert)",2026-09-24T00:04:08Z,OK,,15283.0,2355.0,17638.0,0.0,75594.0,37161.0,9,0,208,2026-09-23T15:59:08-04:00,120,"Yahoo Finance via yfinance 1.7.0 (inoffizielle Schnittstelle, Daten verzögert)",2026-09-24T00:04:09Z,OK,2026-10-28,2026-08-28,2026-09-10,"Yahoo Finance via yfinance 1.7.0 (inoffizielle Schnittstelle, Daten verzögert)",2026-09-24T00:04:13Z,2026-10-16 Monatlicher Optionsverfall
2026-09-23,TSLA,TSLA,Tesla,Consumer Discretionary,XLY,OK,,UNAVAILABLE,386.7,377.575,380.12,378.8999938964844,0.0032198630856905552,32914670,37608143.333333336,0.8752006103642623,"Yahoo Finance via yfinance 1.7.0 (inoffizielle Schnittstelle, Daten verzögert)",2026-09-24T00:04:13Z,OK,,589785.0,331652.0,921437.0,0.0,1864676.0,1425523.0,12,0,756,2026-09-23T15:59:59-04:00,120,"Yahoo Finance via yfinance 1.7.0 (inoffizielle Schnittstelle, Daten verzögert)",2026-09-24T00:04:14Z,OK,2026-10-21,UNAVAILABLE,UNAVAILABLE,"Yahoo Finance via yfinance 1.7.0 (inoffizielle Schnittstelle, Daten verzögert)",2026-09-24T00:04:20Z,2026-10-16 Monatlicher Optionsverfall
2026-09-23,TXN,TXN,Texas Instruments,Information Technology,XLK,OK,,UNAVAILABLE,272.9,266.6,272.62,270.8699951171875,0.006460681929925105,5549469,5894466.666666667,0.9414709275365597,"Yahoo Finance via yfinance 1.7.0 (inoffizielle Schnittstelle, Daten verzögert)",2026-09-24T00:04:20Z,OK,,3152.0,3872.0,7024.0,0.0,84675.0,60896.0,9,0,466,2026-09-23T15:59:42-04:00,120,"Yahoo Finance via yfinance 1.7.0 (inoffizielle Schnittstelle, Daten verzögert)",2026-09-24T00:04:21Z,OK,2026-10-27,2026-10-30,2026-11-10,"Yahoo Finance via yfinance 1.7.0 (inoffizielle Schnittstelle, Daten verzögert)",2026-09-24T00:04:25Z,2026-10-16 Monatlicher Optionsverfall
2026-09-23,UBER,UBER,Uber,Industrials,XLI,OK,,UNAVAILABLE,70.03,68.55,69.42,69.88999938964844,-0.006724844666661234,17676945,17567340.0,1.0062391346669444,"Yahoo Finance via yfinance 1.7.0 (inoffizielle Schnittstelle, Daten verzögert)",2026-09-24T00:04:26Z,OK,,65203.0,22380.0,87583.0,0.0,468008.0,401704.0,9,0,192,2026-09-23T15:59:52-04:00,120,"Yahoo Finance via yfinance 1.7.0 (inoffizielle Schnittstelle, Daten verzögert)",2026-09-24T00:04:26Z,OK,2026-11-03,UNAVAILABLE,UNAVAILABLE,"Yahoo Finance via yfinance 1.7.0 (inoffizielle Schnittstelle, Daten verzögert)",2026-09-24T00:04:30Z,2026-10-16 Monatlicher Optionsverfall
2026-09-23,UNH,UNH,UnitedHealth Group,Health Care,XLV,OK,,UNAVAILABLE,372.61,366.0,371.29,377.55999755859375,-0.01660662569959015,3858910,4697643.333333333,0.8214565743248565,"Yahoo Finance via yfinance 1.7.0 (inoffizielle Schnittstelle, Daten verzögert)",2026-09-24T00:04:31Z,OK,,21093.0,16867.0,37960.0,0.0,303545.0,276594.0,9,0,364,2026-09-23T15:59:58-04:00,120,"Yahoo Finance via yfinance 1.7.0 (inoffizielle Schnittstelle, Daten verzögert)",2026-09-24T00:04:31Z,OK,2026-10-13,2026-09-14,2026-09-22,"Yahoo Finance via yfinance 1.7.0 (inoffizielle Schnittstelle, Daten verzögert)",2026-09-24T00:04:36Z,2026-10-16 Monatlicher Optionsverfall
2026-09-23,UNP,UNP,Union Pacific Corporation,Industrials,XLI,OK,,UNAVAILABLE,277.38,273.93,275.53,269.6300048828125,0.0218818195688264,1890471,2437346.6666666665,0.7756266377098594,"Yahoo Finance via yfinance 1.7.0 (inoffizielle Schnittstelle, Daten verzögert)",2026-09-24T00:04:36Z,OK,,1318.0,592.0,1910.0,0.0,51458.0,20234.0,9,0,280,2026-09-23T15:59:39-04:00,120,"Yahoo Finance via yfinance 1.7.0 (inoffizielle Schnittstelle, Daten verzögert)",2026-09-24T00:04:36Z,OK,2026-10-22,2026-08-31,2026-09-30,"Yahoo Finance via yfinance 1.7.0 (inoffizielle Schnittstelle, Daten verzögert)",2026-09-24T00:04:41Z,2026-10-16 Monatlicher Optionsverfall
2026-09-23,UPS,UPS,United Parcel Service,Industrials,XLI,OK,,UNAVAILABLE,96.92,95.52,95.82,95.87000274658203,-0.0005215682189372295,4379346,4396080.0,0.9961934268712125,"Yahoo Finance via yfinance 1.7.0 (inoffizielle Schnittstelle, Daten verzögert)",2026-09-24T00:04:41Z,OK,,13722.0,4953.0,18675.0,0.0,158917.0,112712.0,9,0,208,2026-09-23T15:59:09-04:00,120,"Yahoo Finance via yfinance 1.7.0 (inoffizielle Schnittstelle, Daten verzögert)",2026-09-24T00:04:42Z,OK,2026-10-27,2026-08-17,2026-09-03,"Yahoo Finance via yfinance 1.7.0 (inoffizielle Schnittstelle, Daten verzögert)",2026-09-24T00:04:46Z,2026-10-16 Monatlicher Optionsverfall
2026-09-23,USB,USB,U.S. Bancorp,Financials,XLF,OK,,UNAVAILABLE,59.38,58.42,58.48,60.439998626708984,-0.032428833078147146,7504797,6788490.0,1.1055178692168657,"Yahoo Finance via yfinance 1.7.0 (inoffizielle Schnittstelle, Daten verzögert)",2026-09-24T00:04:46Z,OK,,1902.0,498.0,2400.0,0.0,77857.0,37826.0,9,0,165,2026-09-23T15:58:57-04:00,120,"Yahoo Finance via yfinance 1.7.0 (inoffizielle Schnittstelle, Daten verzögert)",2026-09-24T00:04:47Z,OK,2026-10-15,2026-09-30,2026-10-15,"Yahoo Finance via yfinance 1.7.0 (inoffizielle Schnittstelle, Daten verzögert)",2026-09-24T00:04:51Z,2026-10-16 Monatlicher Optionsverfall
2026-09-23,V,V,Visa Inc.,Financials,XLF,OK,,UNAVAILABLE,366.33,360.0,361.52,369.95001220703125,-0.022786895334155788,5124711,6631150.0,0.7728238691629657,"Yahoo Finance via yfinance 1.7.0 (inoffizielle Schnittstelle, Daten verzögert)",2026-09-24T00:04:52Z,OK,,7213.0,5760.0,12973.0,0.0,136984.0,136364.0,9,0,425,2026-09-23T15:59:25-04:00,120,"Yahoo Finance via yfinance 1.7.0 (inoffizielle Schnittstelle, Daten verzögert)",2026-09-24T00:04:52Z,OK,2026-10-27,2026-08-11,2026-09-01,"Yahoo Finance via yfinance 1.7.0 (inoffizielle Schnittstelle, Daten verzögert)",2026-09-24T00:04:56Z,2026-10-16 Monatlicher Optionsverfall
2026-09-23,VZ,VZ,Verizon,Communication Services,XLC,OK,,UNAVAILABLE,47.105,46.165,46.52,46.45000076293945,0.0015069803210079336,20616716,19323596.666666668,1.0669191846445425,"Yahoo Finance via yfinance 1.7.0 (inoffizielle Schnittstelle, Daten verzögert)",2026-09-24T00:04:57Z,OK,,15643.0,9397.0,25040.0,0.0,340301.0,249202.0,9,0,141,2026-09-23T15:59:11-04:00,120,"Yahoo Finance via yfinance 1.7.0 (inoffizielle Schnittstelle, Daten verzögert)",2026-09-24T00:04:57Z,OK,2026-10-20,2026-10-09,2026-11-02,"Yahoo Finance via yfinance 1.7.0 (inoffizielle Schnittstelle, Daten verzögert)",2026-09-24T00:05:02Z,2026-10-16 Monatlicher Optionsverfall
2026-09-23,WFC,WFC,Wells Fargo,Financials,XLF,OK,,UNAVAILABLE,83.395,81.81,81.9,86.54000091552734,-0.05361683460179867,14530691,13036266.666666666,1.1146359131448678,"Yahoo Finance via yfinance 1.7.0 (inoffizielle Schnittstelle, Daten verzögert)",2026-09-24T00:05:02Z,OK,,30956.0,27477.0,58433.0,0.0,319287.0,461877.0,9,0,219,2026-09-23T15:59:48-04:00,120,"Yahoo Finance via yfinance 1.7.0 (inoffizielle Schnittstelle, Daten verzögert)",2026-09-24T00:05:03Z,OK,2026-10-13,2026-08-07,2026-09-01,"Yahoo Finance via yfinance 1.7.0 (inoffizielle Schnittstelle, Daten verzögert)",2026-09-24T00:05:07Z,2026-10-16 Monatlicher Optionsverfall
2026-09-23,WMT,WMT,Walmart,Consumer Staples,XLP,OK,,UNAVAILABLE,111.23,109.49,110.53,110.12000274658203,0.0037231860079181,20177395,25933743.333333332,0.7780363498109221,"Yahoo Finance via yfinance 1.7.0 (inoffizielle Schnittstelle, Daten verzögert)",2026-09-24T00:05:07Z,OK,,98791.0,24692.0,123483.0,0.0,454751.0,293725.0,9,0,256,2026-09-23T15:59:58-04:00,120,"Yahoo Finance via yfinance 1.7.0 (inoffizielle Schnittstelle, Daten verzögert)",2026-09-24T00:05:08Z,OK,2026-11-19,2026-12-11,2027-01-04,"Yahoo Finance via yfinance 1.7.0 (inoffizielle Schnittstelle, Daten verzögert)",2026-09-24T00:05:12Z,2026-10-16 Monatlicher Optionsverfall
2026-09-23,XOM,XOM,ExxonMobil,Energy,XLE,OK,,UNAVAILABLE,162.12,159.421,161.23,158.3000030517578,0.018509140187977113,12564657,14623526.666666666,0.8592084034448599,"Yahoo Finance via yfinance 1.7.0 (inoffizielle Schnittstelle, Daten verzögert)",2026-09-24T00:05:13Z,OK,,27061.0,14306.0,41367.0,0.0,405663.0,288342.0,9,0,205,2026-09-23T15:59:58-04:00,120,"Yahoo Finance via yfinance 1.7.0 (inoffizielle Schnittstelle, Daten verzögert)",2026-09-24T00:05:13Z,OK,2026-10-30,2026-08-17,2026-09-10,"Yahoo Finance via yfinance 1.7.0 (inoffizielle Schnittstelle, Daten verzögert)",2026-09-24T00:05:18Z,2026-10-16 Monatlicher Optionsverfall
