Date,Open,High,Low,Close,Adj Close,Volume,Provisional
2025-09-25,1122.6800537109375,1149.1199951171875,1118.0,1147.2900390625,1123.2847900390625,680300,False
2025-09-26,1152.0,1159.47998046875,1150.780029296875,1156.449951171875,1132.2530517578125,435500,False
2025-09-29,1167.4000244140625,1182.1400146484375,1163.8499755859375,1175.56005859375,1150.9635009765625,567500,False
2025-09-30,1176.6500244140625,1183.5,1154.5,1165.8699951171875,1141.47607421875,691600,False
2025-10-01,1154.0,1156.9200439453125,1133.68994140625,1141.0699462890625,1117.1949462890625,604300,False
2025-10-02,1145.5400390625,1167.47998046875,1138.5999755859375,1160.5400390625,1136.257568359375,615800,False
2025-10-03,1166.9599609375,1168.010009765625,1157.8499755859375,1160.68994140625,1136.404296875,377200,False
2025-10-06,1168.97998046875,1184.1300048828125,1158.5999755859375,1179.27001953125,1154.595703125,772600,False
2025-10-07,1179.27001953125,1183.949951171875,1155.030029296875,1166.22998046875,1141.82861328125,531300,False
2025-10-08,1171.43994140625,1178.18994140625,1155.469970703125,1165.0,1140.624267578125,393500,False
2025-10-09,1170.6300048828125,1177.5,1157.1199951171875,1167.4300537109375,1143.00341796875,478000,False
2025-10-10,1172.5,1180.9300537109375,1131.3800048828125,1132.3599853515625,1108.6671142578125,643500,False
2025-10-13,1147.6199951171875,1163.43994140625,1144.719970703125,1155.1199951171875,1130.950927734375,742400,False
2025-10-14,1140.0,1209.8199462890625,1135.0,1194.260009765625,1169.2720947265625,1146400,False
2025-10-15,1200.0,1219.93994140625,1178.0,1202.5899658203125,1177.427734375,1003700,False
2025-10-16,1204.0,1209.8900146484375,1168.1300048828125,1171.3599853515625,1146.8511962890625,1250200,False
2025-10-17,1169.06005859375,1176.1800537109375,1154.1500244140625,1161.1600341796875,1136.8646240234375,777500,False
2025-10-20,1178.0,1178.989990234375,1158.6199951171875,1160.0,1135.7288818359375,678800,False
2025-10-21,1158.1600341796875,1159.719970703125,1129.469970703125,1130.0,1106.356689453125,1052000,False
2025-10-22,1129.5,1134.93994140625,1120.219970703125,1129.6800537109375,1106.0433349609375,618600,False
2025-10-23,1131.510009765625,1132.52001953125,1119.989990234375,1125.0,1101.4613037109375,371600,False
2025-10-24,1141.27001953125,1144.5,1133.239990234375,1136.6300048828125,1112.8477783203125,560700,False
2025-10-27,1146.3900146484375,1146.3900146484375,1128.949951171875,1131.31005859375,1107.6392822265625,726100,False
2025-10-28,1131.969970703125,1138.6500244140625,1124.5400390625,1124.949951171875,1101.4122314453125,390000,False
2025-10-29,1117.6199951171875,1121.81005859375,1096.989990234375,1098.0,1075.0260009765625,861700,False
2025-10-30,1097.4000244140625,1106.8900146484375,1090.949951171875,1098.050048828125,1075.0750732421875,631700,False
2025-10-31,1090.0,1092.52001953125,1073.760009765625,1082.81005859375,1060.1539306640625,895300,False
2025-11-03,1079.0799560546875,1081.8299560546875,1057.199951171875,1068.8299560546875,1046.4664306640625,790900,False
2025-11-04,1061.0,1067.3800048828125,1057.0,1059.9100341796875,1037.733154296875,934800,False
2025-11-05,1058.989990234375,1082.5699462890625,1053.6300048828125,1073.5699462890625,1051.107177734375,550200,False
2025-11-06,1069.6400146484375,1079.050048828125,1056.0699462890625,1069.43994140625,1047.063720703125,415700,False
2025-11-07,1064.4300537109375,1083.3900146484375,1057.77001953125,1082.199951171875,1059.556640625,470300,False
2025-11-10,1087.6800537109375,1091.949951171875,1071.18994140625,1082.6300048828125,1059.977783203125,413500,False
2025-11-11,1082.1600341796875,1086.6500244140625,1076.699951171875,1085.760009765625,1063.0421142578125,309600,False
2025-11-12,1086.4000244140625,1098.6400146484375,1086.1199951171875,1093.9300537109375,1071.0413818359375,432800,False
2025-11-13,1090.3699951171875,1093.3599853515625,1060.5999755859375,1069.6500244140625,1047.269287109375,541700,False
2025-11-14,1060.0,1065.8399658203125,1048.260009765625,1057.93994140625,1035.80419921875,459100,False
2025-11-17,1053.489990234375,1055.06005859375,1014.1099853515625,1023.7999877929688,1002.378662109375,935200,False
2025-11-18,1022.0,1026.77001953125,1010.5,1019.1400146484375,997.816162109375,749500,False
2025-11-19,1020.0,1025.43994140625,1009.0599975585938,1014.6799926757812,993.4494018554688,838600,False
2025-11-20,1029.1099853515625,1032.489990234375,990.5800170898438,992.52001953125,971.7531127929688,677800,False
2025-11-21,999.0,1015.3800048828125,990.8099975585938,1014.719970703125,993.4886474609375,1229200,False
2025-11-24,1006.8499755859375,1024.219970703125,1004.9400024414062,1019.489990234375,998.1588134765625,1010300,False
2025-11-25,1019.489990234375,1033.0,1010.9199829101562,1029.77001953125,1008.2238159179688,688700,False
2025-11-26,1031.1099853515625,1048.3199462890625,1030.0400390625,1040.06005859375,1018.2985229492188,561000,False
2025-11-28,1049.8900146484375,1053.93994140625,1043.8599853515625,1047.300048828125,1025.3870849609375,300300,False
2025-12-01,1039.0,1052.5699462890625,1037.0,1039.93994140625,1018.180908203125,624600,False
2025-12-02,1043.0,1045.1199951171875,1031.0,1038.6199951171875,1016.8885498046875,376500,False
2025-12-03,1043.0699462890625,1087.0899658203125,1040.6500244140625,1079.8699951171875,1057.2755126953125,863200,False
2025-12-04,1080.8199462890625,1086.8499755859375,1072.6400146484375,1075.5799560546875,1053.0751953125,597800,False
2025-12-05,1068.489990234375,1074.0,1062.8900146484375,1072.1600341796875,1054.8363037109375,544100,False
2025-12-08,1074.0,1078.8599853515625,1057.1500244140625,1062.02001953125,1044.860107421875,612600,False
2025-12-09,1060.260009765625,1074.0899658203125,1059.1800537109375,1071.31005859375,1054.0001220703125,445300,False
2025-12-10,1077.239990234375,1089.77001953125,1071.52001953125,1083.3599853515625,1065.8553466796875,840700,False
2025-12-11,1084.8599853515625,1104.3299560546875,1081.0,1101.8399658203125,1084.03662109375,774100,False
2025-12-12,1107.260009765625,1107.260009765625,1085.010009765625,1089.0899658203125,1071.49267578125,608000,False
2025-12-15,1095.4300537109375,1098.8499755859375,1078.5,1082.1600341796875,1064.6748046875,564700,False
2025-12-16,1081.3599853515625,1083.18994140625,1063.8900146484375,1068.1400146484375,1050.88134765625,651500,False
2025-12-17,1072.800048828125,1083.75,1064.6400146484375,1065.0,1047.7919921875,648100,False
2025-12-18,1073.9100341796875,1078.510009765625,1057.449951171875,1064.989990234375,1047.7821044921875,588400,False
2025-12-19,1066.949951171875,1068.56005859375,1057.75,1060.1700439453125,1043.0401611328125,1174100,False
2025-12-22,1066.3299560546875,1090.9599609375,1065.77001953125,1088.2099609375,1070.626953125,575500,False
2025-12-23,1085.550048828125,1091.739990234375,1083.4000244140625,1086.550048828125,1068.993896484375,265400,False
2025-12-24,1089.8199462890625,1094.3299560546875,1084.0,1088.9599609375,1071.36474609375,195100,False
2025-12-26,1090.719970703125,1091.68994140625,1084.6300048828125,1088.1099853515625,1070.528564453125,230300,False
2025-12-29,1091.0400390625,1092.050048828125,1082.760009765625,1088.4000244140625,1070.81396484375,295100,False
2025-12-30,1088.5400390625,1090.0,1082.010009765625,1083.31005859375,1065.8062744140625,273100,False
2025-12-31,1082.949951171875,1085.3599853515625,1070.0799560546875,1070.3399658203125,1053.045654296875,327600,False
2026-01-02,1071.43994140625,1089.8800048828125,1069.0,1085.06005859375,1067.52783203125,603300,False
2026-01-05,1085.8800048828125,1131.6500244140625,1083.25,1119.760009765625,1101.6671142578125,926200,False
2026-01-06,1119.3199462890625,1124.280029296875,1106.760009765625,1112.280029296875,1094.30810546875,537600,False
2026-01-07,1108.1600341796875,1112.800048828125,1074.969970703125,1075.0899658203125,1057.7188720703125,839400,False
2026-01-08,1060.1300048828125,1092.449951171875,1060.1300048828125,1087.9200439453125,1070.341796875,558100,False
2026-01-09,1090.22998046875,1092.77001953125,1080.0,1085.0999755859375,1067.567138671875,613800,False
2026-01-12,1078.47998046875,1090.9200439453125,1073.9100341796875,1089.260009765625,1071.66015625,726700,False
2026-01-13,1089.5400390625,1094.0,1073.72998046875,1089.5400390625,1071.935546875,730700,False
2026-01-14,1070.530029296875,1094.010009765625,1070.4100341796875,1091.8499755859375,1074.2080078125,953900,False
2026-01-15,1128.6199951171875,1162.3299560546875,1125.06005859375,1156.6500244140625,1137.9610595703125,1401700,False
2026-01-16,1159.5,1181.3599853515625,1159.0,1163.1700439453125,1144.3759765625,1125600,False
2026-01-20,1144.0,1148.3599853515625,1105.989990234375,1110.050048828125,1092.1141357421875,1026100,False
2026-01-21,1120.0,1135.3499755859375,1114.5999755859375,1127.8499755859375,1109.62646484375,687700,False
2026-01-22,1137.5999755859375,1148.02001953125,1132.4599609375,1139.719970703125,1121.3046875,683500,False
2026-01-23,1133.9100341796875,1136.489990234375,1121.0,1129.9100341796875,1111.6531982421875,730400,False
2026-01-26,1133.5699462890625,1141.47998046875,1121.1099853515625,1121.5400390625,1103.41845703125,739300,False
2026-01-27,1121.56005859375,1125.5,1098.0,1106.68994140625,1088.808349609375,537100,False
2026-01-28,1106.0,1123.81005859375,1098.3900146484375,1121.6700439453125,1103.54638671875,616100,False
2026-01-29,1127.1400146484375,1135.0,1107.260009765625,1127.780029296875,1109.5576171875,701000,False
2026-01-30,1115.3699951171875,1129.0699462890625,1102.739990234375,1118.93994140625,1100.8604736328125,632100,False
2026-02-02,1118.1300048828125,1124.3299560546875,1104.93994140625,1119.6600341796875,1101.56884765625,498700,False
2026-02-03,1115.0,1118.5899658203125,1048.5400390625,1070.0799560546875,1052.7899169921875,947200,False
2026-02-04,1068.780029296875,1081.969970703125,1042.93994140625,1076.1600341796875,1058.771728515625,827600,False
2026-02-05,1065.9000244140625,1078.8800048828125,1049.239990234375,1054.800048828125,1037.7569580078125,756100,False
2026-02-06,1069.5,1075.3800048828125,1047.5699462890625,1056.3800048828125,1039.3114013671875,1343700,False
2026-02-09,1045.0899658203125,1084.68994140625,1044.010009765625,1079.9000244140625,1062.4512939453125,799400,False
2026-02-10,1079.25,1113.56005859375,1078.739990234375,1087.780029296875,1070.2039794921875,956500,False
2026-02-11,1089.010009765625,1099.0,1068.3199462890625,1082.8800048828125,1065.383056640625,970000,False
2026-02-12,1084.300048828125,1087.989990234375,1017.0,1055.6300048828125,1038.573486328125,1153000,False
2026-02-13,1057.199951171875,1072.199951171875,1047.0,1071.510009765625,1054.1968994140625,669100,False
2026-02-17,1074.6099853515625,1087.9000244140625,1059.22998046875,1072.6700439453125,1055.338134765625,921900,False
2026-02-18,1080.239990234375,1103.7900390625,1070.3499755859375,1092.260009765625,1074.6116943359375,700000,False
2026-02-19,1077.9000244140625,1084.77001953125,1064.0999755859375,1081.280029296875,1063.80908203125,662400,False
2026-02-20,1074.9100341796875,1102.5799560546875,1068.0699462890625,1093.6400146484375,1075.96923828125,567700,False
2026-02-23,1099.969970703125,1108.219970703125,1056.0,1071.010009765625,1053.704833984375,727200,False
2026-02-24,1061.1300048828125,1093.8599853515625,1051.4100341796875,1081.050048828125,1063.5826416015625,737300,False
2026-02-25,1086.489990234375,1097.6700439453125,1061.5,1093.780029296875,1076.1070556640625,774200,False
2026-02-26,1100.0,1108.050048828125,1060.1199951171875,1090.27001953125,1072.6536865234375,725400,False
2026-02-27,1073.0699462890625,1080.0,1040.449951171875,1063.22998046875,1046.050537109375,1191600,False
2026-03-02,1038.77001953125,1075.52001953125,1031.949951171875,1068.31005859375,1051.048583984375,708700,False
2026-03-03,1033.030029296875,1066.989990234375,1029.0,1052.5899658203125,1035.58251953125,893200,False
2026-03-04,1060.0,1062.989990234375,1045.0,1049.22998046875,1032.2767333984375,482100,False
2026-03-05,1039.68994140625,1046.4599609375,1022.1199951171875,1035.0,1018.2767944335938,672800,False
2026-03-06,991.2899780273438,994.8200073242188,948.75,955.4500122070312,945.2452392578125,1846200,False
2026-03-09,929.3800048828125,960.3900146484375,919.0,957.6699829101562,947.4414672851562,1933100,False
2026-03-10,965.0,976.7999877929688,956.5499877929688,967.3599853515625,957.0279541015625,1159200,False
2026-03-11,964.780029296875,967.4000244140625,940.3099975585938,951.1699829101562,941.0108642578125,1088600,False
2026-03-12,932.5800170898438,944.0999755859375,917.3900146484375,922.9000244140625,913.0429077148438,1133100,False
2026-03-13,932.9299926757812,943.4299926757812,920.9199829101562,924.1099853515625,914.2399291992188,1236600,False
2026-03-16,931.469970703125,946.52001953125,929.0,943.260009765625,933.1854248046875,926900,False
2026-03-17,958.0,975.4600219726562,954.0499877929688,971.010009765625,960.6390380859375,1345600,False
2026-03-18,963.75,976.2899780273438,962.52001953125,968.3099975585938,957.9678344726562,842000,False
2026-03-19,957.2000122070312,972.0,949.6099853515625,969.5999755859375,959.2440185546875,913300,False
2026-03-20,970.260009765625,971.7899780273438,945.52001953125,957.9099731445312,947.6788940429688,1409900,False
2026-03-23,976.8900146484375,988.2999877929688,965.0,974.5800170898438,964.1708984375,911800,False
2026-03-24,960.0,978.6799926757812,956.5399780273438,976.0599975585938,965.6350708007812,626000,False
2026-03-25,988.0,992.1300048828125,963.9000244140625,981.3499755859375,970.8685913085938,877400,False
2026-03-26,972.5900268554688,985.1799926757812,966.5499877929688,968.4600219726562,958.1162719726562,739600,False
2026-03-27,959.7999877929688,961.47998046875,930.0,933.8499755859375,923.8759155273438,877300,False
2026-03-30,939.4500122070312,953.510009765625,930.6900024414062,934.0599975585938,924.0836181640625,806600,False
2026-03-31,950.3200073242188,967.0800170898438,940.530029296875,961.7100219726562,951.4383544921875,800200,False
2026-04-01,974.9500122070312,978.989990234375,956.2999877929688,957.4000244140625,947.1744384765625,624400,False
2026-04-02,931.4299926757812,971.239990234375,929.25,966.5599975585938,956.236572265625,568800,False
2026-04-06,961.1300048828125,966.0900268554688,955.0,959.4099731445312,949.1629028320312,451000,False
2026-04-07,954.989990234375,962.0,949.2899780273438,958.4600219726562,948.2230834960938,471200,False
2026-04-08,1002.0,1017.2999877929688,995.780029296875,1001.5399780273438,990.8428955078125,1247100,False
2026-04-09,993.77001953125,1006.3200073242188,982.219970703125,1001.6199951171875,990.922119140625,676700,False
2026-04-10,1002.3900146484375,1002.9299926757812,991.1799926757812,999.3099975585938,988.6367797851562,670700,False
2026-04-13,992.7999877929688,1025.6500244140625,991.9600219726562,1023.6500244140625,1012.716796875,929400,False
2026-04-14,1050.0,1074.0,1040.8800048828125,1054.56005859375,1043.2967529296875,1349700,False
2026-04-15,1053.81005859375,1062.0,1043.449951171875,1048.5999755859375,1037.4002685546875,1005800,False
2026-04-16,1054.1099853515625,1058.4000244140625,1011.4099731445312,1024.949951171875,1014.0028686523438,950300,False
2026-04-17,1038.280029296875,1067.3299560546875,1036.1400146484375,1052.1400146484375,1040.902587890625,1105200,False
2026-04-20,1048.6600341796875,1060.0,1045.0,1048.4200439453125,1037.2222900390625,638300,False
2026-04-21,1049.489990234375,1070.72998046875,1040.4000244140625,1042.8499755859375,1031.711669921875,673900,False
2026-04-22,1054.719970703125,1063.4200439453125,1048.31005859375,1062.469970703125,1051.1221923828125,550900,False
2026-04-23,1056.0999755859375,1065.0,1041.719970703125,1053.469970703125,1042.21826171875,538800,False
2026-04-24,1053.8599853515625,1059.1300048828125,1042.43994140625,1044.969970703125,1033.80908203125,365900,False
2026-04-27,1040.8499755859375,1058.5,1040.8499755859375,1056.8599853515625,1045.572021484375,532500,False
2026-04-28,1062.030029296875,1066.989990234375,1047.8599853515625,1049.760009765625,1038.5479736328125,424500,False
2026-04-29,1049.0,1055.6400146484375,1031.3199462890625,1039.3800048828125,1028.2786865234375,398100,False
2026-04-30,1041.0,1067.4200439453125,1033.5,1065.5999755859375,1054.21875,573100,False
2026-05-01,1069.8800048828125,1080.72998046875,1060.5899658203125,1061.6800537109375,1050.3406982421875,471100,False
2026-05-04,1055.0,1068.5,1049.8900146484375,1052.25,1041.0113525390625,424600,False
2026-05-05,1055.0,1064.969970703125,1047.52001953125,1048.9100341796875,1037.70703125,541500,False
2026-05-06,1065.75,1081.5699462890625,1064.8499755859375,1073.5699462890625,1062.103515625,662600,False
2026-05-07,1075.6199951171875,1080.739990234375,1058.489990234375,1067.739990234375,1056.3359375,477200,False
2026-05-08,1074.3199462890625,1085.22998046875,1067.0,1084.8299560546875,1073.2432861328125,490600,False
2026-05-11,1084.0,1089.8800048828125,1071.5400390625,1081.3199462890625,1069.770751953125,587400,False
2026-05-12,1074.7900390625,1096.260009765625,1071.0,1092.5,1080.8314208984375,484400,False
2026-05-13,1086.5400390625,1098.1099853515625,1076.4200439453125,1094.0999755859375,1082.414306640625,823200,False
2026-05-14,1100.0,1111.0899658203125,1096.4100341796875,1104.030029296875,1092.23828125,502200,False
2026-05-15,1094.52001953125,1099.75,1080.0,1081.9000244140625,1070.3447265625,456400,False
2026-05-18,1082.8199462890625,1098.0699462890625,1079.6600341796875,1085.8800048828125,1074.2821044921875,458200,False
2026-05-19,1074.4599609375,1084.0,1036.02001953125,1036.300048828125,1025.231689453125,1024100,False
2026-05-20,1038.0999755859375,1052.31005859375,1030.18994140625,1051.5699462890625,1040.3385009765625,760400,False
2026-05-21,1048.8800048828125,1065.3699951171875,1045.1199951171875,1063.75,1052.3885498046875,624700,False
2026-05-22,1070.780029296875,1079.989990234375,1065.18994140625,1073.0,1061.5396728515625,450900,False
2026-05-26,1077.5,1084.449951171875,1071.1099853515625,1077.4000244140625,1065.8927001953125,507400,False
2026-05-27,1080.8399658203125,1085.0,1066.7099609375,1070.3399658203125,1058.9080810546875,515300,False
2026-05-28,1054.97998046875,1062.2900390625,1045.0,1046.489990234375,1035.3128662109375,846000,False
2026-05-29,1041.8699951171875,1060.510009765625,1040.0,1046.8800048828125,1035.6986083984375,1077900,False
2026-06-01,1041.1199951171875,1053.239990234375,1015.3099975585938,1020.72998046875,1009.8279418945312,904800,False
2026-06-02,1017.219970703125,1036.1099853515625,1007.0,1018.9600219726562,1008.076904296875,727600,False
2026-06-03,1001.1099853515625,1001.3699951171875,983.75,990.8699951171875,980.2869262695312,793100,False
2026-06-04,997.8400268554688,1025.6700439453125,991.469970703125,1022.5599975585938,1011.638427734375,1023800,False
2026-06-05,1011.9500122070312,1011.9500122070312,991.1799926757812,995.5999755859375,990.516845703125,724100,False
2026-06-08,1002.1900024414062,1005.0,990.760009765625,994.77001953125,989.6911010742188,531700,False
2026-06-09,1005.5700073242188,1012.780029296875,987.8400268554688,1011.9600219726562,1006.7933349609375,722800,False
2026-06-10,1006.9600219726562,1020.22998046875,999.2100219726562,1010.6799926757812,1005.5198364257812,565900,False
2026-06-11,1013.4000244140625,1022.02001953125,1000.5700073242188,1016.5800170898438,1011.3897705078125,842000,False
2026-06-12,1028.3800048828125,1041.449951171875,1022.0,1032.0,1026.73095703125,549400,False
2026-06-15,1050.0,1060.0,1040.8299560546875,1042.8699951171875,1037.5455322265625,543100,False
2026-06-16,1050.77001953125,1056.8699951171875,1038.510009765625,1052.22998046875,1046.857666015625,462700,False
2026-06-17,1048.9599609375,1075.68994140625,1043.5999755859375,1057.3800048828125,1051.9814453125,781500,False
2026-06-18,1073.77001953125,1076.510009765625,1045.9100341796875,1050.0899658203125,1044.7286376953125,1032200,False
2026-06-22,1048.199951171875,1063.739990234375,1042.3900146484375,1051.739990234375,1046.3702392578125,824100,False
2026-06-23,1049.1300048828125,1050.0,1009.239990234375,1015.3300170898438,1010.1461181640625,1455300,False
2026-06-24,1013.3599853515625,1015.469970703125,970.030029296875,982.5999755859375,977.5831909179688,1567700,False
2026-06-25,995.0,1002.469970703125,966.1300048828125,971.9199829101562,966.957763671875,1130900,False
2026-06-26,972.7999877929688,984.010009765625,962.6799926757812,964.7100219726562,959.7846069335938,1506800,False
2026-06-29,969.2100219726562,972.9299926757812,947.2100219726562,950.1699829101562,945.3187866210938,884700,False
2026-06-30,950.8099975585938,969.760009765625,950.1799926757812,961.5599975585938,956.650634765625,896200,False
2026-07-01,960.4199829101562,986.5700073242188,957.1099853515625,980.3800048828125,975.3745727539062,969300,False
2026-07-02,988.5,1002.0399780273438,982.5900268554688,995.72998046875,990.6461791992188,634700,False
2026-07-06,998.72998046875,1012.2999877929688,990.239990234375,1011.2100219726562,1006.0471801757812,613000,False
2026-07-07,1012.2999877929688,1019.010009765625,1003.4400024414062,1009.4299926757812,1004.2762451171875,462100,False
2026-07-08,1001.72998046875,1006.8099975585938,982.989990234375,990.3400268554688,985.2837524414062,653400,False
2026-07-09,995.9199829101562,1021.239990234375,991.239990234375,1019.6799926757812,1014.473876953125,912100,False
2026-07-10,1039.469970703125,1048.5,1030.0,1036.1099853515625,1030.8199462890625,595000,False
2026-07-13,1039.3599853515625,1039.4300537109375,1015.969970703125,1031.56005859375,1026.2933349609375,940900,False
2026-07-14,1030.239990234375,1036.52001953125,1023.0499877929688,1025.43994140625,1020.2044677734375,719100,False
2026-07-15,1100.0,1109.989990234375,1078.0,1093.4000244140625,1087.8175048828125,1582900,False
2026-07-16,1110.93994140625,1125.0,1079.4599609375,1087.050048828125,1081.5,1219500,False
2026-07-17,1068.2900390625,1099.4100341796875,1065.949951171875,1072.199951171875,1066.7257080078125,761000,False
2026-07-20,1070.739990234375,1073.1800537109375,1052.1600341796875,1054.1099853515625,1048.7281494140625,660900,False
2026-07-21,1056.8599853515625,1062.8699951171875,1030.9300537109375,1038.239990234375,1032.9390869140625,1009900,False
2026-07-22,1036.5999755859375,1057.18994140625,1034.3399658203125,1056.6300048828125,1051.2352294921875,726100,False
2026-07-23,1051.1500244140625,1061.4300537109375,1036.43994140625,1037.1600341796875,1031.86474609375,633800,False
2026-07-24,1039.0999755859375,1056.47998046875,1033.489990234375,1055.6700439453125,1050.2801513671875,506300,False
2026-07-27,1067.3800048828125,1069.989990234375,1051.010009765625,1062.1400146484375,1056.7171630859375,698100,False
2026-07-28,1069.3900146484375,1103.47998046875,1062.510009765625,1097.550048828125,1091.9464111328125,1044000,False
2026-07-29,1086.0699462890625,1110.0,1079.18994140625,1079.18994140625,1073.6800537109375,1121800,False
2026-07-30,1079.3599853515625,1104.1099853515625,1071.3699951171875,1098.3699951171875,1092.7620849609375,624200,False
2026-07-31,1100.8399658203125,1104.18994140625,1089.7900390625,1090.3900146484375,1084.8228759765625,378200,False
2026-08-03,1100.0699462890625,1129.239990234375,1096.18994140625,1126.6300048828125,1120.8778076171875,745900,False
2026-08-04,1138.5,1150.300048828125,1130.8499755859375,1131.1300048828125,1125.3548583984375,625000,False
2026-08-05,1138.5,1142.8900146484375,1121.1700439453125,1133.5799560546875,1127.7923583984375,761600,False
2026-08-06,1135.5699462890625,1139.6300048828125,1120.280029296875,1129.300048828125,1123.5343017578125,701800,False
2026-08-07,1132.530029296875,1143.52001953125,1128.6500244140625,1136.3900146484375,1130.5880126953125,588800,False
2026-08-10,1129.8199462890625,1139.97998046875,1126.0,1131.4000244140625,1125.62353515625,656200,False
2026-08-11,1130.6500244140625,1152.800048828125,1128.449951171875,1148.8399658203125,1142.9744873046875,438100,False
2026-08-12,1157.0,1162.6400146484375,1145.0799560546875,1160.9100341796875,1154.98291015625,378400,False
2026-08-13,1165.77001953125,1186.739990234375,1164.31005859375,1182.8399658203125,1176.80078125,379200,False
2026-08-14,1179.0,1180.0,1168.5,1173.72998046875,1167.7374267578125,514900,False
2026-08-17,1167.31005859375,1169.47998046875,1146.969970703125,1147.1099853515625,1141.2532958984375,450300,False
2026-08-18,1149.0,1161.81005859375,1143.1300048828125,1154.3499755859375,1148.456298828125,355300,False
2026-08-19,1161.52001953125,1181.6800537109375,1155.0999755859375,1158.9200439453125,1153.0030517578125,584600,False
2026-08-20,1154.760009765625,1159.81005859375,1139.2900390625,1139.8199462890625,1134.00048828125,702200,False
2026-08-21,1150.6800537109375,1160.0,1147.3299560546875,1156.550048828125,1150.6451416015625,380600,False
2026-08-24,1158.8399658203125,1174.4300537109375,1156.5699462890625,1172.6099853515625,1166.623046875,585000,False
2026-08-25,1170.93994140625,1180.780029296875,1163.3599853515625,1176.6400146484375,1170.632568359375,488500,False
2026-08-26,1175.7099609375,1182.010009765625,1170.8800048828125,1173.2099609375,1167.219970703125,644900,False
2026-08-27,1168.4300537109375,1187.1700439453125,1161.9000244140625,1167.5699462890625,1161.6087646484375,751300,False
2026-08-28,1170.56005859375,1183.3900146484375,1158.3199462890625,1164.47998046875,1158.5345458984375,721300,False
2026-08-31,1152.8699951171875,1158.8299560546875,1142.5699462890625,1155.6099853515625,1149.7098388671875,796600,False
2026-09-01,1142.010009765625,1149.1400146484375,1124.1500244140625,1128.0999755859375,1122.34033203125,575500,False
2026-09-02,1128.7900390625,1137.010009765625,1106.4000244140625,1107.0799560546875,1101.4276123046875,736900,False
2026-09-03,1117.4200439453125,1132.989990234375,1112.0699462890625,1126.1500244140625,1120.400390625,519900,False
2026-09-04,1112.0,1124.8199462890625,1111.1700439453125,1122.2900390625,1116.56005859375,410800,False
2026-09-08,1107.780029296875,1113.030029296875,1094.1700439453125,1095.3699951171875,1095.3699951171875,575900,False
2026-09-09,1092.77001953125,1092.8900146484375,1071.199951171875,1072.030029296875,1072.030029296875,468400,False
2026-09-10,1065.3399658203125,1074.52001953125,1061.550048828125,1062.4000244140625,1062.4000244140625,368200,False
2026-09-11,1082.81005859375,1092.0,1072.3900146484375,1079.6500244140625,1079.6500244140625,479800,False
2026-09-14,1073.7099609375,1080.02001953125,1057.719970703125,1065.5999755859375,1065.5999755859375,481900,False
2026-09-15,1062.18994140625,1067.5899658203125,1049.75,1058.6600341796875,1058.6600341796875,444800,False
2026-09-16,1063.3800048828125,1063.4000244140625,1017.4600219726562,1037.239990234375,1037.239990234375,633900,False
2026-09-17,1052.06005859375,1061.1099853515625,1047.5999755859375,1053.9599609375,1053.9599609375,586400,False
2026-09-18,1047.1400146484375,1070.1099853515625,1041.9100341796875,1069.780029296875,1069.780029296875,1086200,False
2026-09-21,1080.0,1091.1800537109375,1064.9000244140625,1090.27001953125,1090.27001953125,512400,False
2026-09-23,1055.93994140625,1073.3599853515625,1055.93994140625,1060.8900146484375,1060.8900146484375,460700,False
2026-09-24,UNAVAILABLE,1073.7,1053.49,1073.45,1073.45,497854,True
